company_name,bse_code,nse_code,industry,sector,sector_v1
GTL Infra.,532775,GTLINFRA,Telecom - Services,Telecom - Infrastructure,Telecom - Services
JP Associates,532532,JPASSOCIAT,Construction,Civil Construction,Construction
Dish TV India,532839,DISHTV,Entertainment,TV Broadcasting & Software Production,Entertainment
Davangere Sugar,543267,DAVANGERE,Diversified FMCG,Diversified FMCG,Diversified FMCG
Unitech,507878,UNITECH,Realty,"Residential, Commercial Projects",Realty
Easy Trip Plann.,543272,EASEMYTRIP,Leisure Services,"Tour, Travel Related Services","Tour, Travel Related Services"
Vakrangee,511431,VAKRANGEE,IT - Services,IT Enabled Services,IT Enabled Services
Salasar Techno,540642,SALASAR,Industrial Manufacturing,Industrial Products,Industrial Products
Rama Steel Tubes,539309,RAMASTEEL,Industrial Products,Iron & Steel Products,Iron & Steel Products
SEPC,532945,SEPC,Construction,Civil Construction,Construction
Steel Exchange,534748,STEELXIND,Industrial Products,Iron & Steel Products,Iron & Steel Products
RattanIndia Pow.,533122,RTNPOWER,Power,Power Generation,Power
HLV,500193,HLVLTD,Leisure Services,Hotels & Resorts,Hotels & Resorts
Media Matrix,512267,,Entertainment,"Film Production, Distribution & Exhibition",Entertainment
India Power Corp,,DPSCLTD,Power,Integrated Power Utilities,Power
Brightcom Group,532368,BCG,IT - Services,IT Enabled Services,IT Enabled Services
Jyoti Structures,513250,JYOTISTRUC,Electrical Equipment,Heavy Electrical Equipment,Electrical Equipment
Allcargo Logist.,532749,ALLCARGO,Transport Services,Logistics Solution Provider,Logistics Solution Provider
Subex,532348,SUBEXLTD,IT - Software,Software Products,Software Products
Orient Green,533263,GREENPOWER,Power,Power Generation,Power
Vodafone Idea,532822,IDEA,Telecom - Services,Telecom - Cellular & Fixed line services,Telecom - Services
Urja Global,526987,URJA,Electrical Equipment,Other Electrical Equipment,Electrical Equipment
Hathway Cable,533162,HATHWAY,Entertainment,TV Broadcasting & Software Production,Entertainment
PC Jeweller,534809,PCJEWELLER,Consumer Durables,"Gems, Jewellery And Watches","Gems, Jewellery And Watches"
Motisons Jewel,544053,MOTISONS,Consumer Durables,"Gems, Jewellery And Watches","Gems, Jewellery And Watches"
Indiabulls,533520,IBULLSLTD,Commercial Services & Supplies,Diversified Commercial Services,Diversified Commercial Services
Syncom Formul.,524470,SYNCOMF,Pharmaceuticals & Biotechnology,Pharmaceuticals,Pharmaceuticals & Biotechnology
Utkarsh Small F.,543942,UTKARSHBNK,Banks,Other Bank,Banks
Nila Spaces,542231,NILASPACES,Realty,"Residential, Commercial Projects",Realty
Alok Industries,521070,ALOKINDS,Textiles & Apparels,Other Textile Products,Other Textile Products
Shish Industries,540693,,Industrial Products,Plastic Products - Industrial,Plastic Products - Industrial
JP Power Ven.,532627,JPPOWER,Power,Power Generation,Power
Kellton Tech,519602,KELLTONTEC,IT - Services,IT Enabled Services,IT Enabled Services
Bajaj Hindusthan,500032,BAJAJHIND,Agricultural Food & other Products,Sugar,Sugar
Infibeam Avenues,539807,INFIBEAM,Financial Technology (Fintech),Financial Technology (Fintech),Financial Technology (Fintech)
Hardwyn India,541276,HARDWYN,Consumer Durables,"Furniture, Home Furnishing","Furniture, Home Furnishing"
C C C L,532902,CCCL,Realty,"Residential, Commercial Projects",Realty
Cropster Agro,523105,,Industrial Products,Packaging,Packaging
Blue Cloud Soft.,539607,,IT - Software,Software Products,Software Products
Sindhu Trade,532029,SINDHUTRAD,Transport Services,Logistics Solution Provider,Logistics Solution Provider
A B Infrabuild,544281,ABINFRA,Construction,Civil Construction,Construction
Hind.Construct.,500185,HCC,Construction,Civil Construction,Construction
STL Networks,544395,STLNETWORK,Telecom - Services,Other Telecom Services,Telecom - Services
Rushil Decor,533470,RUSHIL,Consumer Durables,Plywood Boards/ Laminates,Plywood Boards/ Laminates
Artemis Electri.,542670,,Electrical Equipment,Other Electrical Equipment,Electrical Equipment
Peninsula Land,503031,PENINLAND,Realty,"Residential, Commercial Projects",Realty
Raj Rayon Inds.,530699,RAJRILTD,Textiles & Apparels,Other Textile Products,Other Textile Products
Andrew Yule & Co,526173,ANDREWYU,Agricultural Food & other Products,Tea & Coffee,Tea & Coffee
Primo Chemicals,506852,PRIMO,Chemicals & Petrochemicals,Commodity Chemicals,Commodity Chemicals
Yes Bank,532648,YESBANK,Banks,Private Sector Bank,Banks
Kamdhenu,532741,KAMDHENU,Industrial Products,Iron & Steel Products,Iron & Steel Products
Fineotex Chem,533333,FCL,Chemicals & Petrochemicals,Specialty Chemicals,Specialty Chemicals
MOS Utility,,MOS,Financial Technology (Fintech),Financial Technology (Fintech),Financial Technology (Fintech)
Best Agrolife,539660,BESTAGRO,Fertilizers & Agrochemicals,Pesticides & Agrochemicals,Pesticides & Agrochemicals
H T Media,532662,HTMEDIA,Media,Print Media,Media
Mukka Proteins,544135,MUKKA,Food Products,Animal Feed,Animal Feed
Sigachi Indust.,543389,SIGACHI,Pharmaceuticals & Biotechnology,Pharmaceuticals,Pharmaceuticals & Biotechnology
Shiva Cement,532323,,Cement & Cement Products,Cement & Cement Products,Cement & Cement Products
Magellanic Cloud,538891,MCLOUD,IT - Software,Computers - Software & Consulting,Computers - Software & Consulting
SpiceJet,500285,SPICEJET,Transport Services,Airline,Airline
Vishal Fabrics,538598,VISHAL,Textiles & Apparels,Garments & Apparels,Garments & Apparels
Sh.Renuka Sugar,532670,RENUKA,Agricultural Food & other Products,Sugar,Sugar
Allcargo Termi,543954,ATL,Transport Infrastructure,Port & Port services,Transport Infrastructure
Jindal Worldwide,531543,JINDWORLD,Textiles & Apparels,Other Textile Products,Other Textile Products
Dhanlaxmi Bank,532180,DHANBANK,Banks,Private Sector Bank,Banks
Centrum Capital,501150,CENTRUM,Finance,Other Financial Services,Finance
TransIndia Real,543955,TREL,Transport Services,Logistics Solution Provider,Logistics Solution Provider
Trident,521064,TRIDENT,Textiles & Apparels,Other Textile Products,Other Textile Products
HMA Agro Inds.,543929,HMAAGRO,Food Products,Meat Products including Poultry,Meat Products including Poultry
Jaybharat Text,512233,,Textiles & Apparels,Other Textile Products,Other Textile Products
Oswal Green Tech,539290,OSWALGREEN,Finance,Investment Company,Finance
Rhetan TMT Ltd,543590,RHETAN,Industrial Products,Iron & Steel Products,Iron & Steel Products
Polo Queen Ind.,540717,,Commercial Services & Supplies,Trading & Distributors,Trading & Distributors
Pun. & Sind Bank,533295,PSB,Banks,Public Sector Bank,Banks
Sumeet Industrie,514211,SUMEETINDS,Textiles & Apparels,Other Textile Products,Other Textile Products
Cellecor Gadgets,,CELLECOR,Consumer Durables,Consumer Electronics,Consumer Electronics
BCL Industries,524332,BCLIND,Beverages,Breweries & Distilleries,Beverages
Den Networks,533137,DEN,Entertainment,TV Broadcasting & Software Production,Entertainment
Patel Engineerin,531120,PATELENG,Construction,Civil Construction,Construction
Reliance Power,532939,RPOWER,Power,Power Generation,Power
ESAF Small Fin,544020,ESAFSFB,Banks,Other Bank,Banks
MSP Steel & Pow.,532650,MSPL,Industrial Products,Iron & Steel Products,Iron & Steel Products
UCO Bank,532505,UCOBANK,Banks,Public Sector Bank,Banks
M T N L,500108,MTNL,Telecom - Services,Telecom - Cellular & Fixed line services,Telecom - Services
United Polyfab,,UNITEDPOLY,Textiles & Apparels,Other Textile Products,Other Textile Products
SBC Exports,542725,SBC,Textiles & Apparels,Garments & Apparels,Garments & Apparels
PTC India Fin,533344,PFS,Finance,Non Banking Financial Company (NBFC),Finance
PVP Ventures,517556,PVP,Realty,"Residential, Commercial Projects",Realty
MIRC Electronics,500279,MIRCELECTR,Consumer Durables,Consumer Electronics,Consumer Electronics
Iris Clothings,,IRISDOREME,Textiles & Apparels,Garments & Apparels,Garments & Apparels
Haz.Multi Proj.,532467,,Realty,"Residential, Commercial Projects",Realty
Coffee Day Enter,539436,COFFEEDAY,Leisure Services,Restaurants,Restaurants
Paramount Comm.,530555,PARACABLES,Industrial Products,Cables - Electricals,Cables - Electricals
Spice LoungeFood,539895,,Leisure Services,Restaurants,Restaurants
Ola Electric,544225,OLAELEC,Automobiles,2/3 Wheelers,Automobiles
Confidence Petro,526829,CONFIPET,Gas,LPG/CNG/PNG/LNG Supplier,Gas
Capital India,530879,CIFL,Finance,Non Banking Financial Company (NBFC),Finance
Paisalo Digital,532900,PAISALO,Finance,Non Banking Financial Company (NBFC),Finance
RattanIndia Ent,534597,RTNINDIA,Retailing,E-Retail/ E-Commerce,E-Retail/ E-Commerce
Dwarikesh Sugar,532610,DWARKESH,Agricultural Food & other Products,Sugar,Sugar
Grand Oak Canyon,523862,,Finance,Non Banking Financial Company (NBFC),Finance
Suratwwala Busi.,543218,SBGLP,Realty,"Residential, Commercial Projects",Realty
MIC Electronics,532850,MICEL,Industrial Products,Other Industrial Products,Other Industrial Products
I O B,532388,IOB,Banks,Public Sector Bank,Banks
Morepen Labs.,500288,MOREPENLAB,Pharmaceuticals & Biotechnology,Pharmaceuticals,Pharmaceuticals & Biotechnology
Welspun Special.,500365,,Industrial Products,Iron & Steel Products,Iron & Steel Products
Jain Irrigation,500219,JISLJALEQS,Industrial Products,Plastic Products - Industrial,Plastic Products - Industrial
Panorama Studios,539469,,Entertainment,"Film Production, Distribution & Exhibition",Entertainment
Integ. Industrie,531889,,Finance,Holding Company,Finance
Fischer Medical,524743,FISCHER,Healthcare Equipment & Supplies,Medical Equipment & Supplies,Healthcare Equipment & Supplies
Mercury EV-Tech,531357,,Automobiles,Passenger Cars & Utility Vehicles,Automobiles
Central Bank,532885,CENTRALBK,Banks,Public Sector Bank,Banks
Netwrk.18 Media,532798,NETWORK18,Entertainment,Media & Entertainment,Entertainment
Bharat Coking,544678,BHARATCOAL,Consumable Fuels,Coal,Consumable Fuels
Snowman Logistic,538635,SNOWMAN,Transport Services,Logistics Solution Provider,Logistics Solution Provider
BMW Industries,542669,,Industrial Products,Iron & Steel Products,Iron & Steel Products
PTL Enterprises,509220,PTL,Commercial Services & Supplies,Diversified Commercial Services,Diversified Commercial Services
Take Solutions,532890,TAKE,Healthcare Services,"Healthcare Research, Analytics & Technology","Healthcare Research, Analytics & Technology"
DCM Shriram Inds,523369,DCMSRIND,Agricultural Food & other Products,Sugar,Sugar
NMDC Steel,543768,NSLNISP,Ferrous Metals,Iron & Steel,Ferrous Metals
IRB Infra.Devl.,532947,IRB,Construction,Civil Construction,Construction
A-1,542012,,Chemicals & Petrochemicals,Trading - Chemicals,Trading - Chemicals
Indo Rama Synth.,500207,INDORAMA,Textiles & Apparels,Other Textile Products,Other Textile Products
HMT,500191,HMT,Industrial Manufacturing,Industrial Products,Industrial Products
Vascon Engineers,533156,VASCONEQ,Realty,"Residential, Commercial Projects",Realty
Tata Tele. Mah.,532371,TTML,Telecom - Services,Telecom - Cellular & Fixed line services,Telecom - Services
Filatex India,526227,FILATEX,Textiles & Apparels,Other Textile Products,Other Textile Products
Motherson Wiring,543498,MSUMI,Auto Components,Auto Components & Equipments,Auto Components & Equipments
Lloyds Engineeri,539992,LLOYDSENGG,Industrial Manufacturing,Industrial Products,Industrial Products
Tuticorin Alkali,506808,,Chemicals & Petrochemicals,Commodity Chemicals,Commodity Chemicals
Shipping Land,544142,SCILAL,Finance,Investment Company,Finance
Eraaya Lifespace,531035,,Automobiles,2/3 Wheelers,Automobiles
Shukra Pharma.,524632,,Pharmaceuticals & Biotechnology,Pharmaceuticals,Pharmaceuticals & Biotechnology
South Ind.Bank,532218,SOUTHBANK,Banks,Private Sector Bank,Banks
Vishnu Prakash R,543974,VPRPL,Construction,Civil Construction,Construction
Vidya Wires,544633,VIDYAWIRES,Industrial Products,"Aluminium, Copper & Zinc Products","Aluminium, Copper & Zinc Products"
Suzlon Energy,532667,SUZLON,Electrical Equipment,Heavy Electrical Equipment,Electrical Equipment
DCW,500117,DCW,Chemicals & Petrochemicals,Petrochemicals,Petrochemicals
Globe Intl. Car.,,GICL,Transport Services,Logistics Solution Provider,Logistics Solution Provider
Niyogin Fintech,538772,,Finance,Non Banking Financial Company (NBFC),Finance
B.L.Kashyap,532719,BLKASHYAP,Construction,Civil Construction,Construction
Bodal Chemicals,524370,BODALCHEM,Chemicals & Petrochemicals,Dyes And Pigments,Dyes And Pigments
OnMobile Global,532944,ONMOBILE,Media,Web based media and service,Media
Fedders Holding,511628,,Finance,Non Banking Financial Company (NBFC),Finance
Oswal Agro Mills,500317,OSWALAGRO,Commercial Services & Supplies,Trading & Distributors,Trading & Distributors
GFL,500173,GFLLIMITED,Finance,Holding Company,Finance
Banganga Paper,512025,,Commercial Services & Supplies,Diversified Commercial Services,Diversified Commercial Services
Blue Pearl Agri,514440,,Chemicals & Petrochemicals,Commodity Chemicals,Commodity Chemicals
Imagica. Enter.,539056,IMAGICAA,Leisure Services,Amusement Parks/ Other Recreation,Amusement Parks/ Other Recreation
One Point One,,ONEPOINT,Commercial Services & Supplies,Business Process Outsourcing (BPO)/ Knowledge Process Outsourcing (KPO),Business Process Outsourcing (BPO)/ Knowledge Process Outsourcing (KPO)
Sagility,544282,SAGILITY,IT - Services,IT Enabled Services,IT Enabled Services
Sigma Solve,543917,SIGMA,IT - Services,IT Enabled Services,IT Enabled Services
Lloyds Enterpris,512463,LLOYDSENT,Metals & Minerals Trading,Trading - Metals,Metals & Minerals Trading
Manali Petrochem,500268,MANALIPETC,Chemicals & Petrochemicals,Petrochemicals,Petrochemicals
Prozone Realty,534675,PROZONER,Realty,"Residential, Commercial Projects",Realty
Meghmani Organi.,543331,MOL,Fertilizers & Agrochemicals,Pesticides & Agrochemicals,Pesticides & Agrochemicals
IFCI,500106,IFCI,Finance,Financial Institution,Finance
Gateway Distri,543489,GATEWAY,Transport Services,Logistics Solution Provider,Logistics Solution Provider
VTM,532893,,Textiles & Apparels,Other Textile Products,Other Textile Products
Khaitan Chemical,507794,KHAICHEM,Fertilizers & Agrochemicals,Fertilizers,Fertilizers
Roto Pumps,517500,ROTO,Industrial Products,"Compressors, Pumps & Diesel Engines","Compressors, Pumps & Diesel Engines"
BIGBLOC Const.,540061,BIGBLOC,Cement & Cement Products,Cement & Cement Products,Cement & Cement Products
Sh. Rama Multi.,532310,SHREERAMA,Industrial Products,Packaging,Packaging
Brigade Hotel,544457,BRIGHOTEL,Leisure Services,Hotels & Resorts,Hotels & Resorts
Andhra Cements,532141,ACL,Cement & Cement Products,Cement & Cement Products,Cement & Cement Products
Servotech Renew,,SERVOTECH,Electrical Equipment,Other Electrical Equipment,Electrical Equipment
Satia Industries,539201,SATIA,"Paper, Forest & Jute Products",Paper & Paper Products,"Paper, Forest & Jute Products"
Shalimar Paints,509874,SHALPAINTS,Consumer Durables,Paints,Paints
Bluspring Enter.,544414,BLUSPRING,Commercial Services & Supplies,Diversified Commercial Services,Diversified Commercial Services
Sanghi Industrie,526521,SANGHIIND,Cement & Cement Products,Cement & Cement Products,Cement & Cement Products
Tour. Fin. Corp.,526650,TFCILTD,Finance,Financial Institution,Finance
HFCL,500183,HFCL,Telecom - Services,Telecom - Infrastructure,Telecom - Services
Embassy Develop,532832,EMBDL,Realty,"Residential, Commercial Projects",Realty
Aditya Bir. Fas.,535755,ABFRL,Retailing,Speciality Retail,Speciality Retail
IRB InvIT Fund,540526,IRBINVIT,Transport Infrastructure,"Road AssetsToll, Annuity, Hybrid-Annuity",Transport Infrastructure
Advani Hotels.,523269,ADVANIHOTR,Leisure Services,Hotels & Resorts,Hotels & Resorts
Algoquant Fin,505725,ALGOQUANT,Finance,Other Financial Services,Finance
Visaka Industrie,509055,VISAKAIND,Cement & Cement Products,Cement & Cement Products,Cement & Cement Products
Andhra Paper,502330,ANDHRAPAP,"Paper, Forest & Jute Products",Paper & Paper Products,"Paper, Forest & Jute Products"
Ujjivan Small,542904,UJJIVANSFB,Banks,Other Bank,Banks
Regaal Resources,544485,REGAAL,Agricultural Food & other Products,Other Agricultural Products,Other Agricultural Products
AVT Natural Prod,519105,AVTNPL,Agricultural Food & other Products,Other Agricultural Products,Other Agricultural Products
Vertoz,,VERTOZ,Media,Advertising & Media Agencies,Media
MMTC,513377,MMTC,Commercial Services & Supplies,Trading & Distributors,Trading & Distributors
Restaurant Brand,543248,RBA,Leisure Services,Restaurants,Restaurants
Delta Corp,532848,DELTACORP,Leisure Services,Amusement Parks/ Other Recreation,Amusement Parks/ Other Recreation
Oricon Enterpris,513121,ORICONENT,Industrial Products,Packaging,Packaging
Rajoo Engineers,522257,RAJOOENG,Industrial Manufacturing,Industrial Products,Industrial Products
Jai Balaji Inds.,532976,JAIBALAJI,Ferrous Metals,Iron & Steel,Ferrous Metals
Bank of Maha,532525,MAHABANK,Banks,Public Sector Bank,Banks
Jagran Prakashan,532705,JAGRAN,Media,Print Media,Media
Cool Caps,,COOLCAPS,Industrial Products,Packaging,Packaging
Andhra Sugars,590062,ANDHRSUGAR,Chemicals & Petrochemicals,Commodity Chemicals,Commodity Chemicals
Roadstar Infra,544374,ROADSTAR,Transport Infrastructure,"Road AssetsToll, Annuity, Hybrid-Annuity",Transport Infrastructure
Geojit Fin. Ser.,532285,GEOJITFSL,Capital Markets,Stockbroking & Allied,Stockbroking & Allied
RDB Infrastruc.,533285,,Realty,"Residential, Commercial Projects",Realty
IOL Chemicals,524164,IOLCP,Pharmaceuticals & Biotechnology,Pharmaceuticals,Pharmaceuticals & Biotechnology
Asian Granito,532888,ASIANTILES,Consumer Durables,Ceramics,Ceramics
Radhika Jeweltec,540125,RADHIKAJWE,Consumer Durables,"Gems, Jewellery And Watches","Gems, Jewellery And Watches"
Balmer Law. Inv.,532485,,Finance,Non Banking Financial Company (NBFC),Finance
Xchanging Sol.,532616,XCHANGING,IT - Software,Computers - Software & Consulting,Computers - Software & Consulting
Electrost.Cast.,500128,ELECTCAST,Industrial Products,Iron & Steel Products,Iron & Steel Products
Munjal Auto Inds,520059,MUNJALAU,Auto Components,Auto Components & Equipments,Auto Components & Equipments
GHCL Textiles,543918,GHCLTEXTIL,Textiles & Apparels,Other Textile Products,Other Textile Products
SJVN,533206,SJVN,Power,Power Generation,Power
Hindustan Media,533217,HMVL,Media,Print Media,Media
Grauer & Weil,505710,GRAUWEIL,Chemicals & Petrochemicals,Commodity Chemicals,Commodity Chemicals
Saurashtra Cem.,502175,SAURASHCEM,Cement & Cement Products,Cement & Cement Products,Cement & Cement Products
Equitas Sma. Fin,543243,EQUITASBNK,Banks,Other Bank,Banks
Excelsoft Tech.,544617,EXCELSOFT,IT - Services,IT Enabled Services,IT Enabled Services
Apis India,506166,,Food Products,Other Food Products,Other Food Products
Jayaswal Neco,522285,JAYNECOIND,Industrial Products,Iron & Steel Products,Iron & Steel Products
SMC Global Sec.,543263,SMCGLOBAL,Capital Markets,Stockbroking & Allied,Stockbroking & Allied
Elitecon Inter.,539533,,Cigarettes & Tobacco Products,Cigarettes & Tobacco Products,Cigarettes & Tobacco Products
S P I C,590030,SPIC,Fertilizers & Agrochemicals,Fertilizers,Fertilizers
Shriram Properti,543419,SHRIRAMPPS,Realty,"Residential, Commercial Projects",Realty
Anuh Pharma,506260,ANUHPHR,Pharmaceuticals & Biotechnology,Pharmaceuticals,Pharmaceuticals & Biotechnology
Capital Infra,544338,CAPINVIT,Construction,Civil Construction,Construction
Tara Chand Infra,,TARACHAND,Commercial Services & Supplies,Diversified Commercial Services,Diversified Commercial Services
Madras Fertilize,590134,MADRASFERT,Fertilizers & Agrochemicals,Fertilizers,Fertilizers
Ganesh Benzopl.,500153,GANESHBE,Oil,Oil Storage & Transportation,Oil
NIIT,500304,NIITLTD,Other Consumer Services,Education,Other Consumer Services
Websol Energy,517498,WEBELSOLAR,Electrical Equipment,Other Electrical Equipment,Electrical Equipment
Omaxe,532880,OMAXE,Realty,"Residential, Commercial Projects",Realty
NHPC Ltd,533098,NHPC,Power,Power Generation,Power
Hi-Tech Pipes,543411,HITECH,Industrial Products,Iron & Steel Products,Iron & Steel Products
Om Infra,531092,OMINFRAL,Construction,Civil Construction,Construction
Sh. Digvijay Cem,502180,SHREDIGCEM,Cement & Cement Products,Cement & Cement Products,Cement & Cement Products
JTL Industries,534600,JTLIND,Industrial Products,Iron & Steel Products,Iron & Steel Products
Arihant Capital,511605,ARIHANTCAP,Capital Markets,Stockbroking & Allied,Stockbroking & Allied
NMDC,526371,NMDC,Minerals & Mining,Industrial Minerals,Minerals & Mining
Elpro Internatio,504000,,Realty,"Residential, Commercial Projects",Realty
KMC Speciality,524520,,Healthcare Services,Hospital,Hospital
Niva Bupa Health,544286,NIVABUPA,Insurance,General Insurance,Insurance
PNB Gilts,532366,PNBGILTS,Finance,Investment Company,Finance
Kirl. Electric,533193,KECL,Electrical Equipment,Other Electrical Equipment,Electrical Equipment
W S Inds.,504220,WSI,Construction,Civil Construction,Construction
Innovassynth Inv,533315,,Finance,Investment Company,Finance
GTPL Hathway,540602,GTPL,Entertainment,TV Broadcasting & Software Production,Entertainment
Arfin India,539151,ARFIN,Non - Ferrous Metals,Aluminium,Non - Ferrous Metals
Natl.Fertilizer,523630,NFL,Fertilizers & Agrochemicals,Fertilizers,Fertilizers
Intl. Conveyors,509709,INTLCONV,Industrial Manufacturing,Industrial Products,Industrial Products
Sarla Performanc,526885,SARLAPOLY,Textiles & Apparels,Other Textile Products,Other Textile Products
Themis Medicare,530199,THEMISMED,Pharmaceuticals & Biotechnology,Pharmaceuticals,Pharmaceuticals & Biotechnology
Aeroflex Enter.,511076,AEROENTER,Industrial Products,Iron & Steel Products,Iron & Steel Products
Haryana Fin. Co.,530927,,Finance,Financial Institution,Finance
Nitco,532722,NITCO,Consumer Durables,Ceramics,Ceramics
Dolat Algotech,505526,DOLATALGO,Capital Markets,Stockbroking & Allied,Stockbroking & Allied
NDTV,532529,NDTV,Entertainment,TV Broadcasting & Software Production,Entertainment
Sportking India,539221,SPORTKING,Textiles & Apparels,Other Textile Products,Other Textile Products
Zee Entertainmen,505537,ZEEL,Entertainment,TV Broadcasting & Software Production,Entertainment
Systematix Corp.,526506,SYSTMTXC,Capital Markets,Stockbroking & Allied,Stockbroking & Allied
Bhansali Engg.,500052,BEPL,Chemicals & Petrochemicals,Specialty Chemicals,Specialty Chemicals
Kokuyo Camlin,523207,KOKUYOCMLN,Household Products,Stationary,Household Products
Finkurve Fin.,508954,FINKURVE,Finance,Non Banking Financial Company (NBFC),Finance
Pudumjee Paper,539785,PDMJEPAPER,"Paper, Forest & Jute Products",Paper & Paper Products,"Paper, Forest & Jute Products"
IDFC First Bank,539437,IDFCFIRSTB,Banks,Private Sector Bank,Banks
Jay Bharat Maru.,520066,JAYBARMARU,Auto Components,Auto Components & Equipments,Auto Components & Equipments
Energy InfrTrust,542543,,Gas,Gas Transmission/Marketing,Gas
Sambhv Steel,544430,SAMBHV,Industrial Products,Iron & Steel Products,Iron & Steel Products
Credo Brands,544058,MUFTI,Retailing,Speciality Retail,Speciality Retail
IIRM Holdings,526530,,Commercial Services & Supplies,Consulting Services,Consulting Services
Electronics Mart,543626,EMIL,Retailing,Diversified Retail,Diversified Retail
Vikran Engg.,544496,VIKRAN,Construction,Civil Construction,Construction
Bajaj Housing,544252,BAJAJHFL,Finance,Housing Finance Company,Finance
Sterlite Tech.,532374,STLTECH,Telecom -  Equipment & Accessories,Telecom -  Equipment & Accessories,Telecom -  Equipment & Accessories
Kuantum Papers,532937,KUANTUM,"Paper, Forest & Jute Products",Paper & Paper Products,"Paper, Forest & Jute Products"
Balaji Telefilms,532382,BALAJITELE,Entertainment,Media & Entertainment,Entertainment
Nelcast,532864,NELCAST,Industrial Products,Castings & Forgings,Castings & Forgings
Sical Logistics,520086,SICALLOG,Transport Services,Logistics Solution Provider,Logistics Solution Provider
Som Distilleries,507514,SDBL,Beverages,Breweries & Distilleries,Beverages
NTPC Green Ene.,544289,NTPCGREEN,Power,Power Generation,Power
TGV Sraac,507753,,Chemicals & Petrochemicals,Commodity Chemicals,Commodity Chemicals
T N Petro Prod.,500777,TNPETRO,Chemicals & Petrochemicals,Petrochemicals,Petrochemicals
GMR Airports,532754,GMRAIRPORT,Transport Infrastructure,Airport & Airport services,Transport Infrastructure
Powergrid Infra.,543290,PGINVIT,Power,Power - Transmission,Power
Alembic,506235,ALEMBICLTD,Realty,"Residential, Commercial Projects",Realty
Sanstar,544217,SANSTAR,Agricultural Food & other Products,Other Agricultural Products,Other Agricultural Products
Bombay Super Hyb,,BSHSL,Agricultural Food & other Products,Other Agricultural Products,Other Agricultural Products
Guj.Nat.Resour.,513536,,Oil,Oil Exploration & Production,Oil
TVS Supply,543965,TVSSCS,Transport Services,Logistics Solution Provider,Logistics Solution Provider
NBCC,534309,NBCC,Construction,Civil Construction,Construction
Texmaco Infrast.,505400,TEXINFRA,Commercial Services & Supplies,Diversified Commercial Services,Railways
Ester Industries,500136,ESTER,Industrial Products,Packaging,Packaging
Dhampur Bio,543593,DBOL,Agricultural Food & other Products,Sugar,Sugar
Dreamfolks Servi,543591,DREAMFOLKS,Transport Infrastructure,Airport & Airport services,Transport Infrastructure
Navkar Corporat.,539332,NAVKARCORP,Transport Services,Logistics Solution Provider,Logistics Solution Provider
IDBI Bank,500116,IDBI,Banks,Private Sector Bank,Banks
Saint-Gob. Sekur,515043,,Auto Components,Auto Components & Equipments,Auto Components & Equipments
Himatsing. Seide,514043,HIMATSEIDE,Textiles & Apparels,Other Textile Products,Other Textile Products
Insolation Ener,543620,,Power,Power Generation,Power
Gujarat Kidney,544666,GKSL,Healthcare Services,Hospital,Hospital
Master Trust,511768,MASTERTR,Capital Markets,Stockbroking & Allied,Stockbroking & Allied
Exicom Tele-Sys.,544133,EXICOM,Electrical Equipment,Heavy Electrical Equipment,Electrical Equipment
R M Drip & Sprin,544456,RMDRIP,Industrial Products,Plastic Products - Industrial,Plastic Products - Industrial
Azad India,504731,,Industrial Products,Iron & Steel Products,Iron & Steel Products
Oriental Hotels,500314,ORIENTHOT,Leisure Services,Hotels & Resorts,Hotels & Resorts
GMR Urban,543490,GMRP&UI,Power,Power Generation,Power
SBFC Finance,543959,SBFC,Finance,Non Banking Financial Company (NBFC),Finance
GPT Infraproject,533761,GPTINFRA,Construction,Civil Construction,Construction
Shrem InvIT,,SHREMINVIT,Construction,Civil Construction,Construction
Valor Estate,533160,DBREALTY,Leisure Services,Hotels & Resorts,Hotels & Resorts
A B Lifestyle,544403,ABLBL,Retailing,Speciality Retail,Speciality Retail
Inox Wind,539083,INOXWIND,Electrical Equipment,Heavy Electrical Equipment,Electrical Equipment
Anantam Highways,544579,ANANTAM,Transport Infrastructure,"Road AssetsToll, Annuity, Hybrid-Annuity",Transport Infrastructure
Edelweiss.Fin.,532922,EDELWEISS,Finance,Holding Company,Finance
J & K Bank,532209,J&KBANK,Banks,Private Sector Bank,Banks
Speciality Rest.,534425,SPECIALITY,Leisure Services,Restaurants,Restaurants
Linc,531241,LINC,Household Products,Stationary,Household Products
Borosil Scienti.,544184,BOROSCI,Industrial Products,Glass - Industrial,Glass - Industrial
Man Infra,533169,MANINFRA,Construction,Civil Construction,Construction
Renaiss. Global,532923,RGL,Consumer Durables,"Gems, Jewellery And Watches","Gems, Jewellery And Watches"
Arisinfra Solu.,544419,ARISINFRA,Other Construction Materials,Other Construction Materials,Other Construction Materials
R K Swamy,544136,RKSWAMY,Media,Advertising & Media Agencies,Media
Vertis Infra.,,VERTIS,Transport Infrastructure,"Road AssetsToll, Annuity, Hybrid-Annuity",Transport Infrastructure
Unicommerce,544227,UNIECOM,IT - Software,Software Products,Software Products
Popular Vehicles,544144,PVSL,Automobiles,Auto Dealer,Automobiles
Jai Corp,512237,JAICORPLTD,Industrial Products,Plastic Products - Industrial,Plastic Products - Industrial
Samvardh. Mothe.,517334,MOTHERSON,Auto Components,Auto Components & Equipments,Auto Components & Equipments
The Invest.Trust,530023,THEINVEST,Finance,Other Financial Services,Finance
Western Carriers,544258,WCIL,Transport Services,Logistics Solution Provider,Logistics Solution Provider
Ind-Swift Labs.,532305,INDSWFTLAB,Pharmaceuticals & Biotechnology,Pharmaceuticals,Pharmaceuticals & Biotechnology
Digitide Solutio,544413,DIGITIDE,IT - Services,IT Enabled Services,IT Enabled Services
TVS Infra. Trust,,TVSINVIT,Commercial Services & Supplies,Diversified Commercial Services,Diversified Commercial Services
Bombay Dyeing,500020,BOMDYEING,Textiles & Apparels,Other Textile Products,Other Textile Products
Arkade,544261,ARKADE,Realty,"Residential, Commercial Projects",Realty
Prakash Industri,506022,PRAKASH,Ferrous Metals,Iron & Steel,Ferrous Metals
Redtape,543957,REDTAPE,Consumer Durables,Footwear,Footwear
Dhampur Sugar,500119,DHAMPURSUG,Agricultural Food & other Products,Sugar,Sugar
Mufin Green,542774,MUFIN,Finance,Non Banking Financial Company (NBFC),Finance
Indo Amines,524648,INDOAMIN,Chemicals & Petrochemicals,Specialty Chemicals,Specialty Chemicals
S T C,512531,STCINDIA,Commercial Services & Supplies,Trading & Distributors,Trading & Distributors
I R F C,543257,IRFC,Finance,Financial Institution,Railways
Ent.Network,532700,ENIL,Entertainment,Media & Entertainment,Entertainment
Everest Kanto,532684,EKC,Industrial Manufacturing,Industrial Products,Industrial Products
Devyani Intl.,543330,DEVYANI,Leisure Services,Restaurants,Restaurants
Rico Auto Inds,520008,RICOAUTO,Auto Components,Auto Components & Equipments,Auto Components & Equipments
Sai Silks,543989,KALAMANDIR,Retailing,Speciality Retail,Speciality Retail
Ujaas Energy,533644,UEL,Power,Power Generation,Power
Jamna Auto Inds.,520051,JAMNAAUTO,Auto Components,Auto Components & Equipments,Auto Components & Equipments
JSW Cement,544480,JSWCEMENT,Cement & Cement Products,Cement & Cement Products,Cement & Cement Products
Kothari Petroche,,KOTHARIPET,Chemicals & Petrochemicals,Petrochemicals,Petrochemicals
Bharat Global,521238,,IT - Hardware,Computers Hardware & Equipments,IT - Hardware
Adit.Birla Money,532974,BIRLAMONEY,Capital Markets,Stockbroking & Allied,Stockbroking & Allied
Anzen IYEP Trust,543655,ANZEN,Power,Power - Transmission,Power
GK Energy,544525,GKENERGY,Construction,Civil Construction,Construction
Karnika Industri,,KARNIKA,Textiles & Apparels,Garments & Apparels,Garments & Apparels
Sustainable Ener,,SEITINVIT,Power,Power Generation,Power
Texmaco Rail,533326,TEXRAIL,Industrial Manufacturing,Industrial Products,Railways
Indus Inf. Trust,544137,INDUSINVIT,Transport Infrastructure,"Road AssetsToll, Annuity, Hybrid-Annuity",Transport Infrastructure
Rolex Rings,543325,ROLEXRINGS,Auto Components,Auto Components & Equipments,Auto Components & Equipments
Allied Digital,532875,ADSL,IT - Services,IT Enabled Services,IT Enabled Services
Punjab Natl.Bank,532461,PNB,Banks,Public Sector Bank,Banks
Prism Johnson,500338,PRSMJOHNSN,Cement & Cement Products,Cement & Cement Products,Cement & Cement Products
Welspun Living,514162,WELSPUNLIV,Textiles & Apparels,Other Textile Products,Other Textile Products
Apeejay Surrend.,544111,PARKHOTELS,Leisure Services,Hotels & Resorts,Hotels & Resorts
Standard Engineering Technology,544333,SETL,Industrial Manufacturing,Industrial Products,Industrial Products
Menon Bearings,523828,MENONBE,Auto Components,Auto Components & Equipments,Auto Components & Equipments
Dec.Gold Mines,512068,,Non - Ferrous Metals,Precious Metals,Non - Ferrous Metals
Mukand,500460,MUKANDLTD,Ferrous Metals,Iron & Steel,Ferrous Metals
Diamond Power,522163,DIACABS,Electrical Equipment,Other Electrical Equipment,Electrical Equipment
T.V. Today Netw.,532515,TVTODAY,Entertainment,TV Broadcasting & Software Production,Entertainment
Thomas Cook (I),500413,THOMASCOOK,Leisure Services,"Tour, Travel Related Services","Tour, Travel Related Services"
Jagatjit Inds.,507155,,Beverages,Breweries & Distilleries,Beverages
Lemon Tree Hotel,541233,LEMONTREE,Leisure Services,Hotels & Resorts,Hotels & Resorts
Vishal Mega Mart,544307,VMM,Retailing,Diversified Retail,Diversified Retail
Urban Company,544515,URBANCO,Retailing,E-Retail/ E-Commerce,E-Retail/ E-Commerce
SPARC,532872,SPARC,Pharmaceuticals & Biotechnology,Pharmaceuticals,Pharmaceuticals & Biotechnology
NDR INVIT Trust,,NDRINVIT,Commercial Services & Supplies,Diversified Commercial Services,Diversified Commercial Services
Physicswallah,544609,PWL,Other Consumer Services,E-Learning,Other Consumer Services
Manaksia Coated,539046,MANAKCOAT,Industrial Products,Iron & Steel Products,Iron & Steel Products
Anlon Healthcare,544497,AHCL,Pharmaceuticals & Biotechnology,Pharmaceuticals,Pharmaceuticals & Biotechnology
Uniphos Enter.,500429,UNIENTER,Chemicals & Petrochemicals,Trading - Chemicals,Trading - Chemicals
Indian Renewable,544026,IREDA,Finance,Financial Institution,Finance
Indian Energy Ex,540750,IEX,Capital Markets,Exchange and Data Platform,Capital Markets
Hemisphere Prop,543242,HEMIPROP,Commercial Services & Supplies,Diversified Commercial Services,Diversified Commercial Services
Gulshan Polyols,532457,GULPOLY,Agricultural Food & other Products,Other Agricultural Products,Other Agricultural Products
NOCIL,500730,NOCIL,Chemicals & Petrochemicals,Specialty Chemicals,Specialty Chemicals
R C F,524230,RCF,Fertilizers & Agrochemicals,Fertilizers,Fertilizers
JM Financial,523405,JMFINANCIL,Finance,Holding Company,Finance
Advance Agrolife,544562,ADVANCE,Fertilizers & Agrochemicals,Pesticides & Agrochemicals,Pesticides & Agrochemicals
Paradeep Phosph.,543530,PARADEEP,Fertilizers & Agrochemicals,Fertilizers,Fertilizers
GPT Healthcare,544131,GPTHEALTH,Healthcare Services,Hospital,Hospital
RSWM Ltd,500350,RSWM,Textiles & Apparels,Other Textile Products,Other Textile Products
Forbes Precision,544186,,Industrial Manufacturing,Industrial Products,Industrial Products
T N Newsprint,531426,TNPL,"Paper, Forest & Jute Products",Paper & Paper Products,"Paper, Forest & Jute Products"
JTEKT India,520057,JTEKTINDIA,Auto Components,Auto Components & Equipments,Auto Components & Equipments
Scoda Tubes,544411,SCODATUBES,Industrial Products,Iron & Steel Products,Iron & Steel Products
Manba Finance,544262,MANBA,Finance,Non Banking Financial Company (NBFC),Finance
Kopran,524280,KOPRAN,Pharmaceuticals & Biotechnology,Pharmaceuticals,Pharmaceuticals & Biotechnology
Suryoday Small,543279,SURYODAY,Banks,Other Bank,Banks
Adani Power,533096,ADANIPOWER,Power,Integrated Power Utilities,Power
Suven Life Scie.,530239,SUVEN,Healthcare Services,"Healthcare Research, Analytics & Technology","Healthcare Research, Analytics & Technology"
RBZ Jewellers Lt,544060,RBZJEWEL,Consumer Durables,"Gems, Jewellery And Watches","Gems, Jewellery And Watches"
KNR Construct.,532942,KNRCON,Construction,Civil Construction,Construction
Aequs,544634,AEQUS,Aerospace & Defense,Aerospace & Defense,Aerospace & Defense
Rain Industries,500339,RAIN,Chemicals & Petrochemicals,Petrochemicals,Petrochemicals
Precision Camshf,539636,PRECAM,Auto Components,Auto Components & Equipments,Auto Components & Equipments
Spel Semiconduct,517166,,Electrical Equipment,Other Electrical Equipment,Electrical Equipment
Guj. Ambuja Exp,524226,GAEL,Agricultural Food & other Products,Other Agricultural Products,Other Agricultural Products
Guj Inds. Power,517300,GIPCL,Power,Power Generation,Power
Avantel,532406,AVANTEL,Aerospace & Defense,Aerospace & Defense,Aerospace & Defense
Mafatlal Inds.,500264,,Textiles & Apparels,Other Textile Products,Other Textile Products
Ratnaveer Precis,543978,RATNAVEER,Industrial Products,Iron & Steel Products,Iron & Steel Products
Laxmi Organic,543277,LXCHEM,Chemicals & Petrochemicals,Specialty Chemicals,Specialty Chemicals
Sammaan Capital,535789,SAMMAANCAP,Finance,Housing Finance Company,Finance
R&B Denims,538119,RNBDENIMS,Textiles & Apparels,Other Textile Products,Other Textile Products
Wonder Electric.,543449,WEL,Consumer Durables,Household Appliances,Household Appliances
Bharat Seats,523229,BHARATSE,Auto Components,Auto Components & Equipments,Auto Components & Equipments
Cube Highways,543899,CUBEINVIT,Transport Infrastructure,"Road AssetsToll, Annuity, Hybrid-Annuity",Transport Infrastructure
Navneet Educat.,508989,NAVNETEDUL,Printing & Publication,Printing & Publication,Printing & Publication
CESC,500084,CESC,Power,Integrated Power Utilities,Power
Reliance Infra.,500390,RELINFRA,Power,Integrated Power Utilities,Power
Oriental Rail,531859,,Industrial Products,Other Industrial Products,Other Industrial Products
Maan Aluminium,532906,MAANALU,Non - Ferrous Metals,Aluminium,Non - Ferrous Metals
NCC,500294,NCC,Construction,Civil Construction,Construction
Artson,522134,,Industrial Manufacturing,Industrial Products,Industrial Products
Share India Sec.,540725,SHAREINDIA,Capital Markets,Stockbroking & Allied,Stockbroking & Allied
String Metaverse,534535,,IT - Services,IT Enabled Services,IT Enabled Services
S H Kelkar & Co.,539450,SHK,Chemicals & Petrochemicals,Specialty Chemicals,Specialty Chemicals
Ravindra Energy,504341,RELTD,Electrical Equipment,Other Electrical Equipment,Electrical Equipment
Viceroy Hotels,523796,VHLTD,Leisure Services,Hotels & Resorts,Hotels & Resorts
Camlin Fine,532834,CAMLINFINE,Chemicals & Petrochemicals,Specialty Chemicals,Specialty Chemicals
New India Assura,540769,NIACL,Insurance,General Insurance,Insurance
Yatra Online,543992,YATRA,Leisure Services,"Tour, Travel Related Services","Tour, Travel Related Services"
Marsons,517467,,Electrical Equipment,Other Electrical Equipment,Electrical Equipment
Fedbank Financi.,544027,FEDFINA,Finance,Non Banking Financial Company (NBFC),Finance
Maple Inf. Trust,543925,,Transport Infrastructure,"Road AssetsToll, Annuity, Hybrid-Annuity",Transport Infrastructure
Ashoka Buildcon,533271,ASHOKA,Construction,Civil Construction,Construction
Canara HSBC,544583,CANHLIFE,Insurance,Life Insurance,Insurance
Ugro Capital,511742,UGROCAP,Finance,Non Banking Financial Company (NBFC),Finance
Hind.Oil Explor.,500186,HINDOILEXP,Oil,Oil Exploration & Production,Oil
Vintage Coffee,538920,VINCOFE,Commercial Services & Supplies,Trading & Distributors,Trading & Distributors
Bajel Projects,544042,BAJEL,Electrical Equipment,Heavy Electrical Equipment,Electrical Equipment
India Pesticides,543311,IPL,Fertilizers & Agrochemicals,Pesticides & Agrochemicals,Pesticides & Agrochemicals
Prostarm Info,544410,PROSTARM,Electrical Equipment,Other Electrical Equipment,Electrical Equipment
Shanti Educat.,539921,,Other Consumer Services,Education,Other Consumer Services
Sharat Industrie,519397,,Food Products,Seafood,Seafood
Ajmera Realty,513349,AJMERA,Realty,"Residential, Commercial Projects",Realty
Elin Electronics,543725,ELIN,Consumer Durables,Household Appliances,Household Appliances
Commerl. Synbags,539986,COMSYN,Industrial Products,Packaging,Packaging
S A I L,500113,SAIL,Ferrous Metals,Iron & Steel,Ferrous Metals
Bandhan Bank,541153,BANDHANBNK,Banks,Private Sector Bank,Banks
IKIO Tech,543923,IKIO,Consumer Durables,Consumer Electronics,Consumer Electronics
Pyramid Technopl,543969,PYRAMID,Industrial Products,Packaging,Packaging
AYM Syntex,508933,AYMSYNTEX,Textiles & Apparels,Other Textile Products,Other Textile Products
Altius Telecom,543225,,Telecom - Services,Telecom - Infrastructure,Telecom - Services
Rupa & Co,533552,RUPA,Textiles & Apparels,Garments & Apparels,Garments & Apparels
Gem Aromatics,544491,GEMAROMA,Chemicals & Petrochemicals,Specialty Chemicals,Specialty Chemicals
Rama Phosphates,524037,RAMAPHO,Fertilizers & Agrochemicals,Fertilizers,Fertilizers
National High,543385,NHIT,Transport Infrastructure,"Road AssetsToll, Annuity, Hybrid-Annuity",Transport Infrastructure
Piramal Pharma,543635,PPLPHARMA,Pharmaceuticals & Biotechnology,Pharmaceuticals,Pharmaceuticals & Biotechnology
Canara Bank,532483,CANBK,Banks,Public Sector Bank,Banks
Walchan. Inds.,507410,WALCHANNAG,Industrial Manufacturing,Industrial Products,Industrial Products
Satin Creditcare,539404,SATIN,Finance,Microfinance Institutions,Finance
Max India Ltd,543223,MAXIND,Finance,Holding Company,Finance
Prabha Energy,544379,PRABHA,Oil,Oil Exploration & Production,Oil
Sri Lotus,544469,LOTUSDEV,Realty,"Residential, Commercial Projects",Realty
S Chand & Compan,540497,SCHAND,Printing & Publication,Printing & Publication,Printing & Publication
Gokul Agro,539725,GOKULAGRO,Agricultural Food & other Products,Edible Oil,Edible Oil
Ircon Intl.,541956,IRCON,Construction,Civil Construction,Railways
Corporate Merch,540199,,Finance,Other Financial Services,Finance
Updater Services,543996,UDS,Commercial Services & Supplies,Diversified Commercial Services,Diversified Commercial Services
Jaykay Enter.,500306,JAYKAY,Aerospace & Defense,Aerospace & Defense,Aerospace & Defense
Nahar Spinning,500296,NAHARSPING,Textiles & Apparels,Other Textile Products,Other Textile Products
M R P L,500109,MRPL,Petroleum Products,Refineries & Marketing,Petroleum Products
I O C L,530965,IOC,Petroleum Products,Refineries & Marketing,Petroleum Products
TARC Ltd,543249,TARC,Realty,"Residential, Commercial Projects",Realty
Park Medi World,544645,PARKHOSPS,Healthcare Services,Hospital,Hospital
Indo Farm Equip.,544328,INDOFARM,"Agricultural, Commercial & Construction Vehicles",Tractors,"Agricultural, Commercial & Construction Vehicles"
Pennar Industrie,513228,PENIND,Industrial Manufacturing,Industrial Products,Industrial Products
PTC India,532524,PTC,Power,Power Trading,Power
Inox Green,543667,INOXGREEN,Power,Power Generation,Power
Orient Cement,535754,ORIENTCEM,Cement & Cement Products,Cement & Cement Products,Cement & Cement Products
Likhitha Infra.,543240,LIKHITHA,Construction,Civil Construction,Construction
Aeroflex,543972,AEROFLEX,Industrial Products,Iron & Steel Products,Iron & Steel Products
Garuda Cons,544271,GARUDA,Construction,Civil Construction,Construction
Bhagyanagar Ind,512296,BHAGYANGR,Non - Ferrous Metals,Copper,Non - Ferrous Metals
NACL Industries,524709,NACLIND,Fertilizers & Agrochemicals,Pesticides & Agrochemicals,Pesticides & Agrochemicals
DCX Systems,543650,DCXINDIA,Aerospace & Defense,Aerospace & Defense,Aerospace & Defense
Bank of India,532149,BANKINDIA,Banks,Public Sector Bank,Banks
Belrise Industri,544405,BELRISE,Auto Components,Auto Components & Equipments,Auto Components & Equipments
Bhageria Indust.,530803,BHAGERIA,Chemicals & Petrochemicals,Dyes And Pigments,Dyes And Pigments
Fabtech Tech.,544558,FABTECH,Healthcare Services,"Healthcare Research, Analytics & Technology","Healthcare Research, Analytics & Technology"
GAIL (India),532155,GAIL,Gas,Gas Transmission/Marketing,Gas
Hexa Tradex,534328,HEXATRADEX,Finance,Investment Company,Finance
Greaves Cotton,501455,GREAVESCOT,Industrial Products,"Compressors, Pumps & Diesel Engines","Compressors, Pumps & Diesel Engines"
Heidelberg Cem.,500292,HEIDELBERG,Cement & Cement Products,Cement & Cement Products,Cement & Cement Products
Yogi Ltd,511702,,Finance,Non Banking Financial Company (NBFC),Finance
Bliss GVS Pharma,506197,BLISSGVS,Pharmaceuticals & Biotechnology,Pharmaceuticals,Pharmaceuticals & Biotechnology
GRM Overseas,531449,GRMOVER,Agricultural Food & other Products,Other Agricultural Products,Other Agricultural Products
GIC Housing Fin,511676,GICHSGFIN,Finance,Housing Finance Company,Finance
Gandhar Oil Ref.,544029,GANDHAR,Petroleum Products,Lubricants,Petroleum Products
Rajesh Exports,531500,RAJESHEXPO,Consumer Durables,"Gems, Jewellery And Watches","Gems, Jewellery And Watches"
Marksans Pharma,524404,MARKSANS,Pharmaceuticals & Biotechnology,Pharmaceuticals,Pharmaceuticals & Biotechnology
T B Z,534369,TBZ,Consumer Durables,"Gems, Jewellery And Watches","Gems, Jewellery And Watches"
Pace Digitek,544550,PACEDIGITK,Telecom - Services,Telecom - Infrastructure,Telecom - Services
Responsive Ind,505509,RESPONIND,Consumer Durables,"Furniture, Home Furnishing","Furniture, Home Furnishing"
Kitex Garments,521248,KITEX,Textiles & Apparels,Garments & Apparels,Garments & Apparels
Jagsonpal Pharma,507789,JAGSNPHARM,Pharmaceuticals & Biotechnology,Pharmaceuticals,Pharmaceuticals & Biotechnology
Bharat Wire,539799,BHARATWIRE,Industrial Products,Iron & Steel Products,Iron & Steel Products
Shalby,540797,SHALBY,Healthcare Services,Hospital,Hospital
SPML Infra,500402,SPMLINFRA,Construction,Civil Construction,Construction
BLS E-Services,544107,BLSE,IT - Services,IT Enabled Services,IT Enabled Services
IndiGrid Trust,540565,INDIGRID,Power,Power - Transmission,Power
Guj Pipavav Port,533248,GPPL,Transport Infrastructure,Port & Port services,Transport Infrastructure
Capri Global,531595,CGCL,Finance,Non Banking Financial Company (NBFC),Finance
Saksoft,590051,SAKSOFT,IT - Software,Computers - Software & Consulting,Computers - Software & Consulting
Balmer Lawrie,523319,BALMLAWRIE,Diversified,Diversified,Diversified
Engineers India,532178,ENGINERSIN,Construction,Civil Construction,Construction
Cons. Finvest,,CONSOFINVT,Finance,Non Banking Financial Company (NBFC),Finance
Manoj Vaibhav,543995,MVGJL,Consumer Durables,"Gems, Jewellery And Watches","Gems, Jewellery And Watches"
K C P,590066,KCP,Cement & Cement Products,Cement & Cement Products,Cement & Cement Products
Billionbrains,544603,GROWW,Capital Markets,Stockbroking & Allied,Stockbroking & Allied
Arunis Abode,526935,,Commercial Services & Supplies,Diversified Commercial Services,Diversified Commercial Services
Moschip Tech.,532407,MOSCHIP,IT - Hardware,Computers Hardware & Equipments,IT - Hardware
Chemcon Special.,543233,CHEMCON,Chemicals & Petrochemicals,Specialty Chemicals,Specialty Chemicals
Meesho,544632,MEESHO,Retailing,E-Retail/ E-Commerce,E-Retail/ E-Commerce
POCL Enterprises,539195,,Chemicals & Petrochemicals,Commodity Chemicals,Commodity Chemicals
Marine Electric.,,MARINE,Industrial Manufacturing,Industrial Products,Industrial Products
Shree Refrigerat,544458,,Industrial Manufacturing,Industrial Products,Industrial Products
Enviro Infra,544290,EIEL,Other Utilities,Water Supply & Management,Other Utilities
IFGL Refractori.,540774,IFGLEXPOR,Industrial Products,Electrodes & Refractories,Electrodes & Refractories
Sukhjit Starch,524542,SUKHJITS,Agricultural Food & other Products,Other Agricultural Products,Other Agricultural Products
Integra Engg.,505358,,Industrial Manufacturing,Industrial Products,Industrial Products
Union Bank (I),532477,UNIONBANK,Banks,Public Sector Bank,Banks
G S F C,500690,GSFC,Fertilizers & Agrochemicals,Fertilizers,Fertilizers
Time Technoplast,532856,TIMETECHNO,Industrial Products,Plastic Products - Industrial,Plastic Products - Industrial
Finolex Inds.,500940,FINPIPE,Industrial Products,Plastic Products - Industrial,Plastic Products - Industrial
Amines & Plast.,506248,AMNPLST,Chemicals & Petrochemicals,Commodity Chemicals,Commodity Chemicals
RIR Power Electr,517035,,Electrical Equipment,Other Electrical Equipment,Electrical Equipment
Megasoft,532408,MEGASOFT,Telecom - Services,Other Telecom Services,Telecom - Services
Indraprastha Gas,532514,IGL,Gas,LPG/CNG/PNG/LNG Supplier,Gas
Ecos (India),544239,ECOSMOBLTY,Transport Services,Road Transport,Road Transport
Advent Hotels,544446,ADVENTHTL,Leisure Services,Hotels & Resorts,Hotels & Resorts
Samhi Hotels,543984,SAMHI,Leisure Services,Hotels & Resorts,Hotels & Resorts
Stanley Lifesty.,544202,STANLEY,Consumer Durables,"Furniture, Home Furnishing","Furniture, Home Furnishing"
ADF Foods,519183,ADFFOODS,Food Products,Packaged Foods,Packaged Foods
Fusion Finance,543652,FUSION,Finance,Microfinance Institutions,Finance
Jindal Saw,500378,JINDALSAW,Industrial Products,Iron & Steel Products,Iron & Steel Products
Wanbury,524212,WANBURY,Pharmaceuticals & Biotechnology,Pharmaceuticals,Pharmaceuticals & Biotechnology
Shraddha Prime,531771,,Realty,"Residential, Commercial Projects",Realty
Orient Electric,541301,ORIENTELEC,Consumer Durables,Household Appliances,Household Appliances
Jayant Agro Org.,524330,JAYAGROGN,Chemicals & Petrochemicals,Specialty Chemicals,Specialty Chemicals
Dam Capital Advi,544316,DAMCAPITAL,Capital Markets,Stockbroking & Allied,Stockbroking & Allied
United Foodbrands,543283,UFBL,Leisure Services,Restaurants,Restaurants
20 Microns,533022,20MICRONS,Minerals & Mining,Industrial Minerals,Minerals & Mining
Karnataka Bank,532652,KTKBANK,Banks,Private Sector Bank,Banks
Muthoot Microfin,544055,MUTHOOTMF,Finance,Microfinance Institutions,Finance
SKM Egg Prod.,532143,SKMEGGPROD,Food Products,Meat Products including Poultry,Meat Products including Poultry
Steel Str. Wheel,513262,SSWL,Auto Components,Auto Components & Equipments,Auto Components & Equipments
South West Pinn.,543986,SOUTHWEST,Commercial Services & Supplies,Diversified Commercial Services,Diversified Commercial Services
Huhtamaki India,509820,HUHTAMAKI,Industrial Products,Packaging,Packaging
Aurum Proptech,539289,AURUM,IT - Services,IT Enabled Services,IT Enabled Services
ITC Hotels,544325,ITCHOTELS,Leisure Services,Hotels & Resorts,Hotels & Resorts
Wakefit Innovati,544642,WAKEFIT,Consumer Durables,"Furniture, Home Furnishing","Furniture, Home Furnishing"
Modern Insulator,515008,,Electrical Equipment,Other Electrical Equipment,Electrical Equipment
DCB Bank,532772,DCBBANK,Banks,Private Sector Bank,Banks
Steelcast,513517,STEELCAS,Industrial Products,Castings & Forgings,Castings & Forgings
Colab Platforms,542866,,Finance,Other Financial Services,Finance
Castrol India,500870,CASTROLIND,Petroleum Products,Lubricants,Petroleum Products
EPack PrefabTech,544540,EPACKPEB,Industrial Manufacturing,Industrial Products,Industrial Products
Sapphire Foods,543397,SAPPHIRE,Leisure Services,Restaurants,Restaurants
Sterling & Wils.,542760,SWSOLAR,Construction,Civil Construction,Construction
India Finsec,535667,,Finance,Non Banking Financial Company (NBFC),Finance
Sagar Cements,502090,SAGCEM,Cement & Cement Products,Cement & Cement Products,Cement & Cement Products
NCL Industries,502168,NCLIND,Cement & Cement Products,Cement & Cement Products,Cement & Cement Products
Tata Steel,500470,TATASTEEL,Ferrous Metals,Iron & Steel,Ferrous Metals
Kiran Vyapar,537750,,Finance,Non Banking Financial Company (NBFC),Finance
Indiqube Spaces,544454,INDIQUBE,Commercial Services & Supplies,Diversified Commercial Services,Diversified Commercial Services
Thirumalai Chem.,500412,TIRUMALCHM,Chemicals & Petrochemicals,Commodity Chemicals,Commodity Chemicals
DEE Development,544198,DEEDEV,Industrial Manufacturing,Industrial Products,Industrial Products
Ruby Mills,503169,RUBYMILLS,Textiles & Apparels,Other Textile Products,Other Textile Products
Quick Heal Tech,539678,QUICKHEAL,IT - Software,Software Products,Software Products
Shanti Gold,544459,SHANTIGOLD,Consumer Durables,"Gems, Jewellery And Watches","Gems, Jewellery And Watches"
La Opala RG,526947,LAOPALA,Consumer Durables,Glass - Consumer,Glass - Consumer
Ashok Leyland,500477,ASHOKLEY,"Agricultural, Commercial & Construction Vehicles",Commercial Vehicles,"Agricultural, Commercial & Construction Vehicles"
Kross Ltd,544253,KROSS,Auto Components,Auto Components & Equipments,Auto Components & Equipments
Sula Vineyards,543711,SULA,Beverages,Breweries & Distilleries,Beverages
Patel Retail,544487,PATELRMART,Retailing,Diversified Retail,Diversified Retail
Hikal,524735,HIKAL,Pharmaceuticals & Biotechnology,Pharmaceuticals,Pharmaceuticals & Biotechnology
Ganesh Consumer,544528,GANESHCP,Food Products,Packaged Foods,Packaged Foods
Quess Corp,539978,QUESS,Commercial Services & Supplies,Diversified Commercial Services,Diversified Commercial Services
H U D C O,540530,HUDCO,Finance,Financial Institution,Finance
Vikram Solar,544488,VIKRAMSOLR,Electrical Equipment,Other Electrical Equipment,Electrical Equipment
Kothari Indl,509732,,Fertilizers & Agrochemicals,Fertilizers,Fertilizers
Stallion India,544342,STALLION,Chemicals & Petrochemicals,Industrial Gases,Industrial Gases
Simplex Infra,523838,SIMPLEXINF,Construction,Civil Construction,Construction
BEML Land Assets,543898,BLAL,Finance,Investment Company,Finance
One Mobikwik,544305,MOBIKWIK,Financial Technology (Fintech),Financial Technology (Fintech),Financial Technology (Fintech)
Emmvee Photovol.,544608,EMMVEE,Electrical Equipment,Other Electrical Equipment,Electrical Equipment
ACME Solar Hold.,544283,ACMESOLAR,Power,Power Generation,Power
Tarsons Products,543399,TARSONS,Healthcare Equipment & Supplies,Medical Equipment & Supplies,Healthcare Equipment & Supplies
Abans Financial,543712,AFSL,Finance,Holding Company,Finance
Aegis Vopak Term,544407,AEGISVOPAK,Oil,Oil Storage & Transportation,Oil
S C I,523598,SCI,Transport Services,Shipping,Shipping
Hubtown,532799,HUBTOWN,Realty,"Residential, Commercial Projects",Realty
EPL Ltd,500135,EPL,Industrial Products,Packaging,Packaging
Kamat Hotels,526668,KAMATHOTEL,Leisure Services,Hotels & Resorts,Hotels & Resorts
Le Travenues,544192,IXIGO,Leisure Services,"Tour, Travel Related Services","Tour, Travel Related Services"
Bhagiradha Chem.,531719,BHAGCHEM,Fertilizers & Agrochemicals,Pesticides & Agrochemicals,Pesticides & Agrochemicals
Sandur Manganese,504918,SANDUMA,Consumable Fuels,Coal,Consumable Fuels
Fujiyama Power,544613,UTLSOLAR,Electrical Equipment,Other Electrical Equipment,Electrical Equipment
Veranda Learning,543514,VERANDA,Other Consumer Services,E-Learning,Other Consumer Services
Uttam Sug.Mills,532729,UTTAMSUGAR,Agricultural Food & other Products,Sugar,Sugar
Viyash Scientific,512529,VIYASH,Pharmaceuticals & Biotechnology,Pharmaceuticals,Pharmaceuticals & Biotechnology
Signpost India,544117,SIGNPOST,Media,Advertising & Media Agencies,Media
Laxmi Dental,544339,LAXMIDENTL,Healthcare Equipment & Supplies,Medical Equipment & Supplies,Healthcare Equipment & Supplies
AWL Agri Busine.,543458,AWL,Agricultural Food & other Products,Edible Oil,Edible Oil
Dishman Carbogen,540701,DCAL,Pharmaceuticals & Biotechnology,Pharmaceuticals,Pharmaceuticals & Biotechnology
Greenpanel Inds.,542857,GREENPANEL,Consumer Durables,Plywood Boards/ Laminates,Plywood Boards/ Laminates
Indoco Remedies,532612,INDOCO,Pharmaceuticals & Biotechnology,Pharmaceuticals,Pharmaceuticals & Biotechnology
Heranba Inds,543266,HERANBA,Fertilizers & Agrochemicals,Pesticides & Agrochemicals,Pesticides & Agrochemicals
Kabra Extrusion,524109,KABRAEXTRU,Industrial Manufacturing,Industrial Products,Industrial Products
Suraj Estate,544054,SURAJEST,Realty,"Residential, Commercial Projects",Realty
Mindteck (India),517344,MINDTECK,IT - Software,Computers - Software & Consulting,Computers - Software & Consulting
Star Cement,540575,STARCEMENT,Cement & Cement Products,Cement & Cement Products,Cement & Cement Products
Fino Payments,543386,FINOPB,Banks,Other Bank,Banks
Safe Enterprises,,SAFEENTP,Consumer Durables,"Furniture, Home Furnishing","Furniture, Home Furnishing"
Prec. Wires (I),523539,PRECWIRE,Industrial Products,"Aluminium, Copper & Zinc Products","Aluminium, Copper & Zinc Products"
JNK,544167,JNKINDIA,Industrial Manufacturing,Industrial Products,Industrial Products
Nahar Poly,523391,NAHARPOLY,Industrial Products,Packaging,Packaging
Capacit'e Infra.,540710,CAPACITE,Construction,Civil Construction,Construction
PNC Infratech,539150,PNCINFRA,Construction,Civil Construction,Construction
Prime Focus,532748,PFOCUS,Entertainment,Media & Entertainment,Entertainment
Rites,541556,RITES,Construction,Civil Construction,Railways
Greenply Industr,526797,GREENPLY,Consumer Durables,Plywood Boards/ Laminates,Plywood Boards/ Laminates
TIL,505196,TIL,"Agricultural, Commercial & Construction Vehicles",Construction Vehicles,"Agricultural, Commercial & Construction Vehicles"
Vaibhav Global,532156,VAIBHAVGBL,Consumer Durables,"Gems, Jewellery And Watches","Gems, Jewellery And Watches"
DMCC Speciality,506405,DMCC,Chemicals & Petrochemicals,Specialty Chemicals,Specialty Chemicals
KSE,519421,,Food Products,Animal Feed,Animal Feed
Utssav CZ Gold,,UTSSAV,Consumer Durables,"Gems, Jewellery And Watches","Gems, Jewellery And Watches"
Sar Televenture,,SARTELE,Telecom - Services,Telecom - Infrastructure,Telecom - Services
Seshasayee Paper,502450,SESHAPAPER,"Paper, Forest & Jute Products",Paper & Paper Products,"Paper, Forest & Jute Products"
Petro Carbon,,PCCL,Minerals & Mining,Industrial Minerals,Minerals & Mining
Juniper Hotels,544129,JUNIPER,Leisure Services,Hotels & Resorts,Hotels & Resorts
Mrs Bectors,543253,BECTORFOOD,Food Products,Packaged Foods,Packaged Foods
Religare Enterp.,532915,RELIGARE,Finance,Investment Company,Finance
Shringar House,544512,SHRINGARMS,Consumer Durables,"Gems, Jewellery And Watches","Gems, Jewellery And Watches"
Apollo Micro Sys,540879,APOLLO,Aerospace & Defense,Aerospace & Defense,Aerospace & Defense
Refex Industries,532884,REFEX,Chemicals & Petrochemicals,Industrial Gases,Industrial Gases
Indostar Capital,541336,INDOSTAR,Finance,Non Banking Financial Company (NBFC),Finance
Indo Count Inds.,521016,ICIL,Textiles & Apparels,Other Textile Products,Other Textile Products
Crompton Gr. Con,539876,CROMPTON,Consumer Durables,Household Appliances,Household Appliances
Ivalue Infosolut,544523,IVALUE,IT - Services,IT Enabled Services,IT Enabled Services
Hindware Home In,542905,HINDWAREAP,Consumer Durables,Sanitary Ware,Sanitary Ware
Crizac,544439,CRIZAC,Retailing,Internet & Catalogue Retail,Internet & Catalogue Retail
Artemis Medicare,542919,ARTEMISMED,Healthcare Services,Hospital,Hospital
Sunrakshakk Inds,539300,,Textiles & Apparels,Other Textile Products,Other Textile Products
Kansai Nerolac,500165,KANSAINER,Consumer Durables,Paints,Paints
Puravankara,532891,PURVA,Realty,"Residential, Commercial Projects",Realty
Sterling Tools,530759,STERTOOLS,Auto Components,Auto Components & Equipments,Auto Components & Equipments
Dharmaj Crop,543687,DHARMAJ,Fertilizers & Agrochemicals,Pesticides & Agrochemicals,Pesticides & Agrochemicals
Soma Papers,516038,,"Paper, Forest & Jute Products",Paper & Paper Products,"Paper, Forest & Jute Products"
All Time Plastic,544479,ALLTIME,Consumer Durables,Houseware,Houseware
Vision Infra,,VIESL,Commercial Services & Supplies,Diversified Commercial Services,Diversified Commercial Services
JITF Infra Logis,540311,JITFINFRA,Other Utilities,Water Supply & Management,Other Utilities
Polysil Irrigati,,POLYSIL,Industrial Products,Plastic Products - Industrial,Plastic Products - Industrial
Shri Ahimsa,,SHRIAHIMSA,Food Products,Other Food Products,Other Food Products
T R I L,532928,TARIL,Electrical Equipment,Heavy Electrical Equipment,Electrical Equipment
Platinum Industr,544134,PLATIND,Chemicals & Petrochemicals,Specialty Chemicals,Specialty Chemicals
FSN E-Commerce,543384,NYKAA,Retailing,E-Retail/ E-Commerce,E-Retail/ E-Commerce
Prince Pipes,542907,PRINCEPIPE,Industrial Products,Plastic Products - Industrial,Plastic Products - Industrial
Epack Durable,544095,EPACK,Consumer Durables,Household Appliances,Household Appliances
IRM Energy,544004,IRMENERGY,Gas,LPG/CNG/PNG/LNG Supplier,Gas
NRB Bearings,530367,NRBBEARING,Auto Components,Auto Components & Equipments,Auto Components & Equipments
Surya Roshni,500336,SURYAROSNI,Industrial Products,Iron & Steel Products,Iron & Steel Products
Ritco Logistics,542383,RITCO,Transport Services,Logistics Solution Provider,Logistics Solution Provider
Chamanlal Setia,530307,CLSEL,Agricultural Food & other Products,Other Agricultural Products,Other Agricultural Products
Valiant Organics,540145,VALIANTORG,Chemicals & Petrochemicals,Specialty Chemicals,Specialty Chemicals
Spandana Sphoort,542759,SPANDANA,Finance,Microfinance Institutions,Finance
VST Industries,509966,VSTIND,Cigarettes & Tobacco Products,Cigarettes & Tobacco Products,Cigarettes & Tobacco Products
Wipro,507685,WIPRO,IT - Software,Computers - Software & Consulting,Computers - Software & Consulting
Sunflag Iron,500404,SUNFLAG,Industrial Products,Iron & Steel Products,Iron & Steel Products
Swaraj Suiting,,SWARAJ,Textiles & Apparels,Other Textile Products,Other Textile Products
EFC (I),512008,EFCIL,Commercial Services & Supplies,Diversified Commercial Services,Diversified Commercial Services
Pine Labs,544606,PINELABS,Financial Technology (Fintech),Financial Technology (Fintech),Financial Technology (Fintech)
Asian Energy,530355,ASIANENE,Oil,Oil Equipment & Services,Oil
Solarworld Ene.,544532,SOLARWORLD,Construction,Civil Construction,Construction
Seshaasai Tech.,544533,STYL,Financial Technology (Fintech),Financial Technology (Fintech),Financial Technology (Fintech)
Euro Pratik Sale,544519,EUROPRATIK,Consumer Durables,"Furniture, Home Furnishing","Furniture, Home Furnishing"
Godawari Power,532734,GPIL,Industrial Products,Iron & Steel Products,Iron & Steel Products
B H E L,500103,BHEL,Electrical Equipment,Heavy Electrical Equipment,Electrical Equipment
Indo Borax & Ch.,524342,INDOBORAX,Chemicals & Petrochemicals,Commodity Chemicals,Commodity Chemicals
Chemplast Sanmar,543336,CHEMPLASTS,Chemicals & Petrochemicals,Commodity Chemicals,Commodity Chemicals
GHV Infra,505504,,Construction,Civil Construction,Construction
MMP Industries,,MMP,Non - Ferrous Metals,Aluminium,Non - Ferrous Metals
O N G C,500312,ONGC,Oil,Oil Exploration & Production,Oil
Talbros Auto.,505160,TALBROAUTO,Auto Components,Auto Components & Equipments,Auto Components & Equipments
Borosil,543212,BOROLTD,Consumer Durables,Houseware,Houseware
NLC India,513683,NLCINDIA,Power,Power Generation,Power
Taneja Aerospace,522229,,Aerospace & Defense,Aerospace & Defense,Aerospace & Defense
Vardhman Special,534392,VSSL,Industrial Products,Iron & Steel Products,Iron & Steel Products
Indo Thai Sec.,533676,INDOTHAI,Capital Markets,Stockbroking & Allied,Stockbroking & Allied
Jyothy Labs,532926,JYOTHYLAB,Household Products,Household Products,Household Products
VRL Logistics,539118,VRLLOG,Transport Services,Logistics Solution Provider,Logistics Solution Provider
Ellen.Indl.Gas,544421,ELLEN,Chemicals & Petrochemicals,Industrial Gases,Industrial Gases
Greenlam Industr,538979,GREENLAM,Consumer Durables,Plywood Boards/ Laminates,Plywood Boards/ Laminates
Canara Robeco,544580,CRAMC,Capital Markets,Asset Management Company,Capital Markets
Campus Activewe.,543523,CAMPUS,Consumer Durables,Footwear,Footwear
D B Corp,533151,DBCORP,Media,Print Media,Media
Redington,532805,REDINGTON,Commercial Services & Supplies,Trading & Distributors,Trading & Distributors
AGI Infra,539042,AGIIL,Realty,"Residential, Commercial Projects",Realty
GOCL Corpn.,506480,GOCLCORP,Chemicals & Petrochemicals,Explosives,Explosives
GNG Electronics,544455,EBGNG,IT - Hardware,Computers Hardware & Equipments,IT - Hardware
Jio Financial,543940,JIOFIN,Finance,Investment Company,Finance
Airfloa Rail,544516,,Industrial Manufacturing,Industrial Products,Industrial Products
Sahasra Electro.,,SAHASRA,Industrial Products,Other Industrial Products,Other Industrial Products
Power Grid Corpn,532898,POWERGRID,Power,Power - Transmission,Power
Ganesh Green,,GGBL,Construction,Civil Construction,Construction
Capital Small,544120,CAPITALSFB,Banks,Other Bank,Banks
Godavari Bioref.,544279,GODAVARIB,Diversified FMCG,Diversified FMCG,Diversified FMCG
JSW Infrast,543994,JSWINFRA,Transport Infrastructure,Port & Port services,Transport Infrastructure
Genus Power,530343,GENUSPOWER,Electrical Equipment,Other Electrical Equipment,Electrical Equipment
Oriental Aromat.,500078,OAL,Chemicals & Petrochemicals,Specialty Chemicals,Specialty Chemicals
Denta Water,544345,DENTA,Other Utilities,Water Supply & Management,Other Utilities
Euro India Fresh,,EIFFL,Food Products,Packaged Foods,Packaged Foods
Diffusion Eng,544264,DIFFNKG,Industrial Products,Other Industrial Products,Other Industrial Products
Dhunseri Vent.,523736,DVL,Diversified,Diversified,Diversified
Eternal,543320,ETERNAL,Retailing,E-Retail/ E-Commerce,E-Retail/ E-Commerce
Aptus Value Hou.,543335,APTUS,Finance,Housing Finance Company,Finance
Windsor Machines,522029,WINDMACHIN,Industrial Manufacturing,Industrial Products,Industrial Products
ABM Knowledge,531161,,IT - Software,Software Products,Software Products
Parag Milk Foods,539889,PARAGMILK,Food Products,Dairy Products,Dairy Products
Madhuveer Com,531910,,Entertainment,"Film Production, Distribution & Exhibition",Entertainment
Suraksha Diagno.,544293,SURAKSHA,Healthcare Services,Healthcare Service Provider,Healthcare Service Provider
Zuari Industries,500780,ZUARIIND,Agricultural Food & other Products,Sugar,Sugar
Zuari Agro Chem.,534742,ZUARI,Fertilizers & Agrochemicals,Fertilizers,Fertilizers
Apex Frozen Food,540692,APEX,Food Products,Seafood,Seafood
Bansal Wire Inds,544209,BANSALWIRE,Industrial Products,Iron & Steel Products,Iron & Steel Products
Praveg,531637,,Leisure Services,Hotels & Resorts,Hotels & Resorts
PCBL Chemical,506590,PCBL,Chemicals & Petrochemicals,Carbon Black,Carbon Black
Prime Securities,500337,PRIMESECU,Finance,Other Financial Services,Finance
Karur Vysya Bank,590003,KARURVYSYA,Banks,Private Sector Bank,Banks
Aprameya Enginee,,APRAMEYA,Healthcare Equipment & Supplies,Medical Equipment & Supplies,Healthcare Equipment & Supplies
Chandan Healthca,,CHANDAN,Healthcare Services,Healthcare Service Provider,Healthcare Service Provider
Basilic Fly Stud,,BASILIC,Entertainment,Media & Entertainment,Entertainment
Shilpa Medicare,530549,SHILPAMED,Pharmaceuticals & Biotechnology,Pharmaceuticals,Pharmaceuticals & Biotechnology
Laxmi Goldorna,,LGHL,Consumer Durables,"Gems, Jewellery And Watches","Gems, Jewellery And Watches"
RNFI Services,,RNFI,Finance,Other Financial Services,Finance
Advanced Enzyme,540025,ADVENZYMES,Pharmaceuticals & Biotechnology,Biotechnology,Pharmaceuticals & Biotechnology
Rallis India,500355,RALLIS,Fertilizers & Agrochemicals,Pesticides & Agrochemicals,Pesticides & Agrochemicals
Zelio E-Mobility,544563,,Automobiles,2/3 Wheelers,Automobiles
VLS Finance,511333,VLSFINANCE,Finance,Investment Company,Finance
Arihant Super.,506194,ARIHANTSUP,Realty,"Residential, Commercial Projects",Realty
Nisus Finance,544296,,Finance,Holding Company,Finance
IRIS Regtech Solutions,540735,IRIS,IT - Software,Software Products,Software Products
Brainbees Solut.,544226,FIRSTCRY,Retailing,E-Retail/ E-Commerce,E-Retail/ E-Commerce
Honasa Consumer,544014,HONASA,Personal Products,Personal Care,Personal Products
Apollo Pipes,531761,APOLLOPIPE,Industrial Products,Plastic Products - Industrial,Plastic Products - Industrial
Zaggle Prepaid,543985,ZAGGLE,IT - Services,IT Enabled Services,IT Enabled Services
Northern ARC,544260,NORTHARC,Finance,Non Banking Financial Company (NBFC),Finance
Dalmia Bharat,500097,DALMIASUG,Agricultural Food & other Products,Sugar,Sugar
Ceigall India,544223,CEIGALL,Construction,Civil Construction,Construction
Tejas Cargo,,TEJASCARGO,Transport Services,Logistics Solution Provider,Logistics Solution Provider
BLS Internat.,540073,BLS,Leisure Services,"Tour, Travel Related Services","Tour, Travel Related Services"
City Union Bank,532210,CUB,Banks,Private Sector Bank,Banks
Mangalam World.,,MWL,Metals & Minerals Trading,Trading - Metals,Metals & Minerals Trading
Cantabil Retail,533267,CANTABIL,Textiles & Apparels,Garments & Apparels,Garments & Apparels
Nazara Technolo.,543280,NAZARA,Entertainment,Digital Entertainment,Entertainment
Ksolves India,543599,KSOLVES,IT - Software,Computers - Software & Consulting,Computers - Software & Consulting
Petronet LNG,532522,PETRONET,Gas,LPG/CNG/PNG/LNG Supplier,Gas
Sanghvi Movers,530073,SANGHVIMOV,Commercial Services & Supplies,Diversified Commercial Services,Diversified Commercial Services
Federal Bank,500469,FEDERALBNK,Banks,Private Sector Bank,Banks
ITI,523610,ITI,Telecom -  Equipment & Accessories,Telecom -  Equipment & Accessories,Telecom -  Equipment & Accessories
Dynamic Cables,540795,DYCL,Industrial Products,Cables - Electricals,Cables - Electricals
Emk.Global Fin.,532737,EMKAY,Capital Markets,Stockbroking & Allied,Stockbroking & Allied
GE Power,532309,GVPIL,Electrical Equipment,Heavy Electrical Equipment,Electrical Equipment
Monarch Networth,511551,MONARCH,Capital Markets,Stockbroking & Allied,Stockbroking & Allied
Praj Industries,522205,PRAJIND,Industrial Manufacturing,Industrial Products,Industrial Products
Monika Alcobev,544451,,Beverages,Breweries & Distilleries,Beverages
Ashiana Housing,523716,ASHIANA,Realty,"Residential, Commercial Projects",Realty
Panama Petrochem,524820,PANAMAPET,Petroleum Products,Lubricants,Petroleum Products
CSL Finance,530067,CSLFINANCE,Finance,Non Banking Financial Company (NBFC),Finance
Timex Group,500414,,Consumer Durables,"Gems, Jewellery And Watches","Gems, Jewellery And Watches"
L&T Finance Ltd,533519,LTF,Finance,Non Banking Financial Company (NBFC),Finance
Divine Power,,DPEL,Industrial Products,Cables - Electricals,Cables - Electricals
RBL Bank,540065,RBLBANK,Banks,Private Sector Bank,Banks
Veefin Solutions,543931,,IT - Services,IT Enabled Services,IT Enabled Services
Mahindra Holiday,533088,MHRIL,Leisure Services,Hotels & Resorts,Hotels & Resorts
Shri Venkatesh,543373,,Agricultural Food & other Products,Edible Oil,Edible Oil
Mahindra Logis.,540768,MAHLOG,Transport Services,Logistics Solution Provider,Logistics Solution Provider
Ram Ratna Wires,522281,RAMRAT,Electrical Equipment,Other Electrical Equipment,Electrical Equipment
K.P. Energy,539686,KPEL,Power,Power Generation,Power
Quadrant Future,544336,QUADFUTURE,Industrial Products,Cables - Electricals,Cables - Electricals
Pansari Develop.,,PANSARI,Realty,"Residential, Commercial Projects",Realty
Manappuram Fin.,531213,MANAPPURAM,Finance,Non Banking Financial Company (NBFC),Finance
DDev Plastiks,543547,DDEVPLSTIK,Chemicals & Petrochemicals,Specialty Chemicals,Specialty Chemicals
Mangal Electrica,544492,MEIL,Electrical Equipment,Other Electrical Equipment,Electrical Equipment
Gopal Snacks,544140,GOPAL,Food Products,Packaged Foods,Packaged Foods
Bank of Baroda,532134,BANKBARODA,Banks,Public Sector Bank,Banks
Goldiam Intl.,526729,GOLDIAM,Consumer Durables,"Gems, Jewellery And Watches","Gems, Jewellery And Watches"
International Ge,544311,IGIL,Commercial Services & Supplies,Diversified Commercial Services,Diversified Commercial Services
Arvind Ltd,500101,ARVIND,Textiles & Apparels,Garments & Apparels,Garments & Apparels
Guj.St.Petronet,532702,GSPL,Gas,Gas Transmission/Marketing,Gas
M & B Engineer.,544470,MBEL,Construction,Civil Construction,Construction
Sastasundar Ven.,533259,SASTASUNDR,Healthcare Services,Healthcare Service Provider,Healthcare Service Provider
Australian Prem,,APS,Electrical Equipment,Heavy Electrical Equipment,Electrical Equipment
Onward Technolog,517536,ONWARDTEC,IT - Services,IT Enabled Services,IT Enabled Services
Gretex Corporate,543324,GCSL,Capital Markets,Other Capital Market related Services,Capital Markets
Sky Gold & Diam.,541967,SKYGOLD,Consumer Durables,"Gems, Jewellery And Watches","Gems, Jewellery And Watches"
MAS FINANC SER,540749,MASFIN,Finance,Non Banking Financial Company (NBFC),Finance
Flair Writing,544030,FLAIR,Household Products,Stationary,Household Products
Ramco Inds.,532369,RAMCOIND,Other Construction Materials,Other Construction Materials,Other Construction Materials
Jupiter Wagons,533272,JWL,Industrial Manufacturing,Railway Wagons,Railways
SMS Pharma.,532815,SMSPHARMA,Pharmaceuticals & Biotechnology,Pharmaceuticals,Pharmaceuticals & Biotechnology
Tejas Networks,540595,TEJASNET,Telecom -  Equipment & Accessories,Telecom -  Equipment & Accessories,Telecom -  Equipment & Accessories
Deccan Bearings,505703,,Industrial Manufacturing,Industrial Products,Industrial Products
Indef Manufactur,544364,BAJAJINDEF,Industrial Manufacturing,Industrial Products,Industrial Products
GeeCee Vent.,532764,GEECEE,Realty,"Residential, Commercial Projects",Realty
Bajaj Consumer,533229,BAJAJCON,Personal Products,Personal Care,Personal Products
Senco Gold,543936,SENCO,Consumer Durables,"Gems, Jewellery And Watches","Gems, Jewellery And Watches"
Panchmahal Steel,513511,,Industrial Products,Iron & Steel Products,Iron & Steel Products
Asian Hotels (N),500023,ASIANHOTNR,Leisure Services,Hotels & Resorts,Hotels & Resorts
Sonata Software,532221,SONATSOFTW,IT - Software,Computers - Software & Consulting,Computers - Software & Consulting
Genesys Intl.,506109,GENESYS,IT - Services,IT Enabled Services,IT Enabled Services
J.G.Chemicals,544138,JGCHEM,Chemicals & Petrochemicals,Commodity Chemicals,Commodity Chemicals
Gufic BioScience,509079,GUFICBIO,Pharmaceuticals & Biotechnology,Pharmaceuticals,Pharmaceuticals & Biotechnology
Modi's Navnirman,543539,MODIS,Realty,"Residential, Commercial Projects",Realty
V-Guard Industri,532953,VGUARD,Consumer Durables,Household Appliances,Household Appliances
PDS,538730,PDSL,Textiles & Apparels,Trading - Textile Products,Trading - Textile Products
Fermenta Biotec.,506414,,Pharmaceuticals & Biotechnology,Pharmaceuticals,Pharmaceuticals & Biotechnology
Swiggy,544285,SWIGGY,Retailing,E-Retail/ E-Commerce,E-Retail/ E-Commerce
Firstsour.Solu.,532809,FSL,Commercial Services & Supplies,Business Process Outsourcing (BPO)/ Knowledge Process Outsourcing (KPO),Business Process Outsourcing (BPO)/ Knowledge Process Outsourcing (KPO)
Man Industries,513269,MANINDS,Industrial Products,Iron & Steel Products,Iron & Steel Products
Dollar Industrie,541403,DOLLAR,Textiles & Apparels,Garments & Apparels,Garments & Apparels
Bondada Engineer,543971,,Telecom - Services,Telecom - Infrastructure,Telecom - Services
Kilitch Drugs,524500,KILITCH,Pharmaceuticals & Biotechnology,Pharmaceuticals,Pharmaceuticals & Biotechnology
HPL Electric,540136,HPL,Industrial Manufacturing,Industrial Products,Industrial Products
Nitin Spinners,532698,NITINSPIN,Textiles & Apparels,Other Textile Products,Other Textile Products
Guj. Themis Bio.,506879,GUJTHEM,Pharmaceuticals & Biotechnology,Pharmaceuticals,Pharmaceuticals & Biotechnology
Vidhi Specialty,531717,VIDHIING,Chemicals & Petrochemicals,Specialty Chemicals,Specialty Chemicals
JK Paper,532162,JKPAPER,"Paper, Forest & Jute Products",Paper & Paper Products,"Paper, Forest & Jute Products"
CMS Info Systems,543441,CMSINFO,Commercial Services & Supplies,Diversified Commercial Services,Diversified Commercial Services
TruAlt Bioenergy,544545,TRUALT,Agricultural Food & other Products,Other Agricultural Products,Other Agricultural Products
Eveready Inds.,531508,EVEREADY,Household Products,Household Products,Household Products
Shreeji Ship. Gl,544490,SHREEJISPG,Transport Services,Shipping,Shipping
OBSC Perfection,,OBSCP,Auto Components,Auto Components & Equipments,Auto Components & Equipments
SIS,540673,SIS,Other Consumer Services,Other Consumer Services,Other Consumer Services
Accent Microcell,,ACCENTMIC,Pharmaceuticals & Biotechnology,Pharmaceuticals,Pharmaceuticals & Biotechnology
Krishival Foods,544416,KRISHIVAL,Food Products,Other Food Products,Other Food Products
EIH,500840,EIHOTEL,Leisure Services,Hotels & Resorts,Hotels & Resorts
BN Agrochem,526125,,Commercial Services & Supplies,Trading & Distributors,Trading & Distributors
ITC,500875,ITC,Diversified FMCG,Diversified FMCG,Diversified FMCG
Rail Vikas,542649,RVNL,Construction,Civil Construction,Railways
Exide Inds.,500086,EXIDEIND,Auto Components,Auto Components & Equipments,Auto Components & Equipments
KRBL,530813,KRBL,Agricultural Food & other Products,Other Agricultural Products,Other Agricultural Products
EIH Assoc.Hotels,523127,EIHAHOTELS,Leisure Services,Hotels & Resorts,Hotels & Resorts
Avadh Sugar,540649,AVADHSUGAR,Agricultural Food & other Products,Sugar,Sugar
Kinetic Engg.,500240,,Auto Components,Auto Components & Equipments,Auto Components & Equipments
Orient Tech.,544235,ORIENTTECH,IT - Services,IT Enabled Services,IT Enabled Services
Railtel Corpn.,543265,RAILTEL,Telecom - Services,Other Telecom Services,Railways
Borana Weaves,544404,BORANA,Textiles & Apparels,Other Textile Products,Other Textile Products
Mishra Dhatu Nig,541195,MIDHANI,Aerospace & Defense,Aerospace & Defense,Aerospace & Defense
Triven.Engg.Ind.,532356,TRIVENI,Agricultural Food & other Products,Sugar,Sugar
Go Digit General,544179,GODIGIT,Insurance,General Insurance,Insurance
EMS,543983,EMSLIMITED,Other Utilities,Waste Management,Other Utilities
MOIL,533286,MOIL,Minerals & Mining,Industrial Minerals,Minerals & Mining
IIFL Capital,542773,IIFLCAPS,Capital Markets,Stockbroking & Allied,Stockbroking & Allied
Kalpat.,544423,KALPATARU,Realty,"Residential, Commercial Projects",Realty
Rishabh Instrum.,543977,RISHABH,Electrical Equipment,Other Electrical Equipment,Electrical Equipment
Saregama India,532163,SAREGAMA,Entertainment,Media & Entertainment,Entertainment
Baazar Style,544243,STYLEBAAZA,Retailing,Speciality Retail,Speciality Retail
Shriram AMC,531359,,Capital Markets,Asset Management Company,Capital Markets
NINtec Systems,539843,NINSYS,IT - Software,Computers - Software & Consulting,Computers - Software & Consulting
NTPC,532555,NTPC,Power,Power Generation,Power
Skipper,538562,SKIPPER,Electrical Equipment,Heavy Electrical Equipment,Electrical Equipment
5paisa Capital,540776,5PAISA,Capital Markets,Stockbroking & Allied,Stockbroking & Allied
BGR Energy Sys.,532930,BGRENERGY,Construction,Civil Construction,Construction
Rashi Peripheral,544119,RPTECH,IT - Hardware,Computers Hardware & Equipments,IT - Hardware
KIOCL,540680,KIOCL,Ferrous Metals,Sponge Iron,Ferrous Metals
Sh.Pushkar Chem.,539334,SHREEPUSHK,Chemicals & Petrochemicals,Dyes And Pigments,Dyes And Pigments
Afcons Infrastr.,544280,AFCONS,Construction,Civil Construction,Construction
Sudarshan Colorants,506390,SUDARCOLOR,Chemicals & Petrochemicals,Dyes And Pigments,Dyes And Pigments
GNA Axles,540124,GNA,Auto Components,Auto Components & Equipments,Auto Components & Equipments
Tata Motors PVeh,500570,TMPV,Automobiles,Passenger Cars & Utility Vehicles,Automobiles
Deep Industries,543288,DEEPINDS,Oil,Oil Equipment & Services,Oil
Vilas Transcore,,VILAS,Industrial Products,Other Industrial Products,Other Industrial Products
Mahindra Life.,532313,MAHLIFE,Realty,"Residential, Commercial Projects",Realty
Tata Power Co.,500400,TATAPOWER,Power,Integrated Power Utilities,Power
L T Foods,532783,LTFOODS,Agricultural Food & other Products,Other Agricultural Products,Other Agricultural Products
Aditya Birla Cap,540691,ABCAPITAL,Finance,Investment Company,Finance
Savita Oil Tech,524667,SOTL,Petroleum Products,Lubricants,Petroleum Products
Shoppers Stop,532638,SHOPERSTOP,Retailing,Diversified Retail,Diversified Retail
V I P Inds.,507880,VIPIND,Consumer Durables,Plastic Products - Consumer,Plastic Products - Consumer
KSH Internationa,544664,KSHINTL,Industrial Products,Cables - Electricals,Cables - Electricals
B P C L,500547,BPCL,Petroleum Products,Refineries & Marketing,Petroleum Products
Bajaj Healthcare,539872,BAJAJHCARE,Pharmaceuticals & Biotechnology,Pharmaceuticals,Pharmaceuticals & Biotechnology
SG Mart,512329,SGMART,Metals & Minerals Trading,Trading - Metals,Metals & Minerals Trading
Landmark Cars,543714,LANDMARK,Automobiles,Auto Dealer,Automobiles
ION Exchange,500214,IONEXCHANG,Other Utilities,Water Supply & Management,Other Utilities
Nuvoco Vistas,543334,NUVOCO,Cement & Cement Products,Cement & Cement Products,Cement & Cement Products
Innovana Think.,544302,INNOVANA,IT - Software,Computers - Software & Consulting,Computers - Software & Consulting
Tata Capital,544574,TATACAP,Finance,Non Banking Financial Company (NBFC),Finance
Apcotex Industri,523694,APCOTEXIND,Industrial Products,Rubber,Rubber
Aarti Industries,524208,AARTIIND,Chemicals & Petrochemicals,Specialty Chemicals,Specialty Chemicals
Royal Orch.Hotel,532699,ROHLTD,Leisure Services,Hotels & Resorts,Hotels & Resorts
Jash Engineering,544402,JASH,Industrial Manufacturing,Industrial Products,Industrial Products
Kolte Patil Dev.,532924,KOLTEPATIL,Realty,"Residential, Commercial Projects",Realty
TajGVK Hotels,532390,TAJGVK,Leisure Services,Hotels & Resorts,Hotels & Resorts
R Systems Intl.,532735,RSYSTEMS,IT - Services,IT Enabled Services,IT Enabled Services
Sathlokhar Sys.,,SSEGL,Construction,Civil Construction,Construction
Vinsys IT Serv.,,VINSYS,Other Consumer Services,Education,Other Consumer Services
Relaxo Footwear,530517,RELAXO,Consumer Durables,Footwear,Footwear
Power Fin.Corpn.,532810,PFC,Finance,Financial Institution,Finance
Faze Three,530079,FAZE3Q,Textiles & Apparels,Other Textile Products,Other Textile Products
Virtuoso Optoel.,543597,,Consumer Durables,Diversified consumer products,Diversified consumer products
Cyient DLM,543933,CYIENTDLM,Industrial Manufacturing,Industrial Products,Industrial Products
M & M Fin. Serv.,532720,M&MFIN,Finance,Non Banking Financial Company (NBFC),Finance
Anand Rayons,542721,,Textiles & Apparels,Trading - Textile Products,Trading - Textile Products
Indrapr.Medical,532150,INDRAMEDCO,Healthcare Services,Hospital,Hospital
REC Ltd,532955,RECLTD,Finance,Financial Institution,Finance
Saatvik Green,544526,SAATVIKGL,Electrical Equipment,Other Electrical Equipment,Electrical Equipment
Panacea Biotec,531349,PANACEABIO,Pharmaceuticals & Biotechnology,Pharmaceuticals,Pharmaceuticals & Biotechnology
Unified Data,544406,,IT - Services,IT Enabled Services,IT Enabled Services
Sacheerome,,SACHEEROME,Chemicals & Petrochemicals,Specialty Chemicals,Specialty Chemicals
Biocon,532523,BIOCON,Pharmaceuticals & Biotechnology,Pharmaceuticals,Pharmaceuticals & Biotechnology
Kalyan Jewellers,543278,KALYANKJIL,Consumer Durables,"Gems, Jewellery And Watches","Gems, Jewellery And Watches"
CWD,543378,,Consumer Durables,Consumer Electronics,Consumer Electronics
Crest Ventures,511413,CREST,Finance,Non Banking Financial Company (NBFC),Finance
Ashika Credit,543766,,Finance,Non Banking Financial Company (NBFC),Finance
Kaya Ltd,539276,KAYA,Leisure Services,Wellness,Wellness
FDC,531599,FDC,Pharmaceuticals & Biotechnology,Pharmaceuticals,Pharmaceuticals & Biotechnology
Raymond,500330,RAYMOND,Realty,"Residential, Commercial Projects",Realty
Sunteck Realty,512179,SUNTECK,Realty,"Residential, Commercial Projects",Realty
Igarashi Motors,517380,IGARASHI,Auto Components,Auto Components & Equipments,Auto Components & Equipments
Aarti Drugs,524348,AARTIDRUGS,Pharmaceuticals & Biotechnology,Pharmaceuticals,Pharmaceuticals & Biotechnology
I G Petrochems,500199,IGPL,Chemicals & Petrochemicals,Commodity Chemicals,Commodity Chemicals
NIIT Learning,543952,NIITMTS,Other Consumer Services,Education,Other Consumer Services
General Insuranc,540755,GICRE,Insurance,General Insurance,Insurance
Natl. Aluminium,532234,NATIONALUM,Non - Ferrous Metals,Aluminium,Non - Ferrous Metals
WPIL,505872,,Industrial Manufacturing,Industrial Products,Industrial Products
Unichem Labs.,506690,UNICHEMLAB,Pharmaceuticals & Biotechnology,Pharmaceuticals,Pharmaceuticals & Biotechnology
Harsha Engg Intl,543600,HARSHA,Industrial Products,Other Industrial Products,Other Industrial Products
D-Link India,533146,DLINKINDIA,IT - Hardware,Computers Hardware & Equipments,IT - Hardware
BF Investment,533303,BFINVEST,Finance,Holding Company,Finance
Indian Hume Pipe,504741,INDIANHUME,Industrial Manufacturing,Industrial Products,Industrial Products
Jana Small Finan,544118,JSFB,Banks,Other Bank,Banks
Elecon Engg.Co,505700,ELECON,Electrical Equipment,Heavy Electrical Equipment,Electrical Equipment
Amagi Media Labs,544679,AMAGI,IT - Services,IT Enabled Services,IT Enabled Services
SG Finserve,539199,SGFIN,Finance,Non Banking Financial Company (NBFC),Finance
Jain Resource,544537,JAINREC,Diversified Metals,Diversified Metals,Diversified Metals
M M Forgings,522241,MMFL,Auto Components,Auto Components & Equipments,Auto Components & Equipments
Go Fashion (I),543401,GOCOLORS,Retailing,Speciality Retail,Speciality Retail
Balu Forge,531112,BALUFORGE,Industrial Products,Castings & Forgings,Castings & Forgings
Max Estates,544008,MAXESTATES,Realty,"Residential, Commercial Projects",Realty
Cohance Life,543064,COHANCE,Pharmaceuticals & Biotechnology,Pharmaceuticals,Pharmaceuticals & Biotechnology
Mamata Machinery,544318,MAMATA,Industrial Manufacturing,Industrial Products,Industrial Products
Somany Ceramics,531548,SOMANYCERA,Consumer Durables,Ceramics,Ceramics
Optiemus Infra.,530135,OPTIEMUS,Telecom -  Equipment & Accessories,Telecom -  Equipment & Accessories,Telecom -  Equipment & Accessories
Jindal Poly Film,500227,JINDALPOLY,Industrial Products,Packaging,Packaging
Repro India,532687,REPRO,Printing & Publication,Printing & Publication,Printing & Publication
Guj Apollo Inds,522217,GUJAPOLLO,Industrial Manufacturing,Industrial Products,Industrial Products
KP Green Engg.,544150,,Electrical Equipment,Heavy Electrical Equipment,Electrical Equipment
Delhivery,543529,DELHIVERY,Transport Services,Logistics Solution Provider,Logistics Solution Provider
Sakar Healthcare,,SAKAR,Pharmaceuticals & Biotechnology,Pharmaceuticals,Pharmaceuticals & Biotechnology
Tilaknagar Inds.,507205,TI,Beverages,Breweries & Distilleries,Beverages
Atul Auto,531795,ATULAUTO,"Agricultural, Commercial & Construction Vehicles",Commercial Vehicles,"Agricultural, Commercial & Construction Vehicles"
TVS Elec.,532513,TVSELECT,IT - Hardware,Computers Hardware & Equipments,IT - Hardware
West Coast Paper,500444,WSTCSTPAPR,"Paper, Forest & Jute Products",Paper & Paper Products,"Paper, Forest & Jute Products"
Concord Enviro,544315,CEWATER,Other Utilities,Waste Management,Other Utilities
Chemfab Alka.,541269,CHEMFAB,Chemicals & Petrochemicals,Commodity Chemicals,Commodity Chemicals
Latent View,543398,LATENTVIEW,IT - Software,Computers - Software & Consulting,Computers - Software & Consulting
Bajaj Electrical,500031,BAJAJELEC,Consumer Durables,Household Appliances,Household Appliances
FlySBS Aviation,,FLYSBS,Transport Services,Airline,Airline
HLE Glascoat,522215,HLEGLAS,Industrial Manufacturing,Industrial Products,Industrial Products
Yash Highvoltage,544310,,Electrical Equipment,Other Electrical Equipment,Electrical Equipment
Cupid,530843,CUPID,Personal Products,Personal Care,Personal Products
Dolphin Offshore,522261,DOLPHIN,Oil,Offshore Support Solution Drilling,Oil
Heritage Foods,519552,HERITGFOOD,Food Products,Dairy Products,Dairy Products
Repco Home Fin,535322,REPCOHOME,Finance,Housing Finance Company,Finance
TCC Concept,512038,,Commercial Services & Supplies,Trading & Distributors,Trading & Distributors
Oswal Pumps,544418,OSWALPUMPS,Industrial Products,"Compressors, Pumps & Diesel Engines","Compressors, Pumps & Diesel Engines"
Tsf Investments,,TSFINV,Finance,Investment Company,Finance
Ultramarine Pig.,506685,,Chemicals & Petrochemicals,Dyes And Pigments,Dyes And Pigments
Ideaforge Tech,543932,IDEAFORGE,Aerospace & Defense,Aerospace & Defense,Aerospace & Defense
Vardhman Textile,502986,VTL,Textiles & Apparels,Other Textile Products,Other Textile Products
Gujarat Gas,539336,GUJGASLTD,Gas,LPG/CNG/PNG/LNG Supplier,Gas
Hinduja Global,532859,HGS,Commercial Services & Supplies,Business Process Outsourcing (BPO)/ Knowledge Process Outsourcing (KPO),Business Process Outsourcing (BPO)/ Knowledge Process Outsourcing (KPO)
Birlasoft Ltd,532400,BSOFT,IT - Software,Computers - Software & Consulting,Computers - Software & Consulting
Automotive Stamp,520119,ASAL,Auto Components,Auto Components & Equipments,Auto Components & Equipments
Happiest Minds,543227,HAPPSTMNDS,IT - Software,Computers - Software & Consulting,Computers - Software & Consulting
Hind.Composites,509635,HINDCOMPOS,Auto Components,Auto Components & Equipments,Auto Components & Equipments
Hariom Pipe,543517,HARIOMPIPE,Industrial Products,Iron & Steel Products,Iron & Steel Products
Leela Palaces Hotels,544408,THELEELA,Leisure Services,Hotels & Resorts,Hotels & Resorts
M B Agro Prod.,,MBAPL,Fertilizers & Agrochemicals,Fertilizers,Fertilizers
Ramco Systems,532370,RAMCOSYS,IT - Software,Software Products,Software Products
AB Cotspin,544522,ABCOTS,Textiles & Apparels,Other Textile Products,Other Textile Products
Usha Martin,517146,USHAMART,Industrial Products,Iron & Steel Products,Iron & Steel Products
Swan Corp,503310,SWANCORP,Chemicals & Petrochemicals,Petrochemicals,Petrochemicals
KPI Green Energy,542323,KPIGREEN,Power,Power Generation,Power
C2C Advanced,,C2C,Aerospace & Defense,Aerospace & Defense,Aerospace & Defense
Kapston Services,,KAPSTON,Commercial Services & Supplies,Diversified Commercial Services,Diversified Commercial Services
Bharat Electron,500049,BEL,Aerospace & Defense,Aerospace & Defense,Aerospace & Defense
CIE Automotive,532756,CIEINDIA,Auto Components,Auto Components & Equipments,Auto Components & Equipments
Bright Outdoor,543831,,Media,Advertising & Media Agencies,Media
Beekay Steel Ind,539018,,Industrial Products,Iron & Steel Products,Iron & Steel Products
AWFIS Space,544181,AWFIS,Commercial Services & Supplies,Diversified Commercial Services,Diversified Commercial Services
Raymond Realty,544420,RAYMONDREL,Realty,"Residential, Commercial Projects",Realty
Balrampur Chini,500038,BALRAMCHIN,Agricultural Food & other Products,Sugar,Sugar
Indus Towers,534816,INDUSTOWER,Telecom - Services,Telecom - Infrastructure,Telecom - Services
STEL Holdings,533316,STEL,Finance,Investment Company,Finance
Uniparts India,543689,UNIPARTS,Auto Components,Auto Components & Equipments,Auto Components & Equipments
Poonawalla Fin,524000,POONAWALLA,Finance,Non Banking Financial Company (NBFC),Finance
Shivalik Bimetal,513097,SBCL,Industrial Products,Iron & Steel Products,Iron & Steel Products
H P C L,500104,HINDPETRO,Petroleum Products,Refineries & Marketing,Petroleum Products
Suprajit Engg.,532509,SUPRAJIT,Auto Components,Auto Components & Equipments,Auto Components & Equipments
Coal India,533278,COALINDIA,Consumable Fuels,Coal,Consumable Fuels
Zydus Wellness,531335,ZYDUSWELL,Food Products,Packaged Foods,Packaged Foods
RHI Magnesita,534076,RHIM,Industrial Products,Electrodes & Refractories,Electrodes & Refractories
Sumitomo Chemi.,542920,SUMICHEM,Fertilizers & Agrochemicals,Pesticides & Agrochemicals,Pesticides & Agrochemicals
N R Agarwal Inds,516082,NRAIL,"Paper, Forest & Jute Products",Paper & Paper Products,"Paper, Forest & Jute Products"
Medi Assist Ser.,544088,MEDIASSIST,Insurance,Insurance Distributors,Insurance
Axtel Industries,523850,,Industrial Manufacturing,Industrial Products,Industrial Products
Everest Inds.,508906,EVERESTIND,Other Construction Materials,Other Construction Materials,Other Construction Materials
Federal-Mogul Go,505744,FMGOETZE,Auto Components,Auto Components & Equipments,Auto Components & Equipments
Sangam India,514234,SANGAMIND,Textiles & Apparels,Other Textile Products,Other Textile Products
Kotak Mah. Bank,500247,KOTAKBANK,Banks,Private Sector Bank,Banks
Shree Ganesh Rem,540737,,Pharmaceuticals & Biotechnology,Pharmaceuticals,Pharmaceuticals & Biotechnology
Lenskart Solut.,544600,LENSKART,Retailing,Speciality Retail,Speciality Retail
Akums Drugs,544222,AKUMS,Pharmaceuticals & Biotechnology,Pharmaceuticals,Pharmaceuticals & Biotechnology
Elgi Equipments,522074,ELGIEQUIP,Industrial Products,"Compressors, Pumps & Diesel Engines","Compressors, Pumps & Diesel Engines"
Star Health Insu,543412,STARHEALTH,Insurance,General Insurance,Insurance
Arrow Greentech,516064,ARROWGREEN,Industrial Products,Packaging,Packaging
ASK Automotive,544022,ASKAUTOLTD,Auto Components,Auto Components & Equipments,Auto Components & Equipments
Magadh Sugar,540650,MAGADSUGAR,Agricultural Food & other Products,Sugar,Sugar
Wim Plast,526586,,Consumer Durables,Plastic Products - Consumer,Plastic Products - Consumer
Sanathan Textile,544314,SANATHAN,Textiles & Apparels,Other Textile Products,Other Textile Products
India Cements,530005,INDIACEM,Cement & Cement Products,Cement & Cement Products,Cement & Cement Products
Blue Jet Health,544009,BLUEJET,Pharmaceuticals & Biotechnology,Pharmaceuticals,Pharmaceuticals & Biotechnology
Forbes & Co,502865,,Consumer Durables,Household Appliances,Household Appliances
Indosolar,533257,WAAREEINDO,Electrical Equipment,Heavy Electrical Equipment,Electrical Equipment
Chambal Fert.,500085,CHAMBLFERT,Fertilizers & Agrochemicals,Fertilizers,Fertilizers
Oil India,533106,OIL,Oil,Oil Exploration & Production,Oil
Arvind Fashions.,542484,ARVINDFASN,Retailing,Speciality Retail,Speciality Retail
Smartworks Cowor,544447,SMARTWORKS,Commercial Services & Supplies,Diversified Commercial Services,Diversified Commercial Services
OSEL Devices,,OSELDEVICE,Healthcare Equipment & Supplies,Medical Equipment & Supplies,Healthcare Equipment & Supplies
Thyrocare Tech.,539871,THYROCARE,Healthcare Services,Healthcare Service Provider,Healthcare Service Provider
Bajaj Steel Inds,507944,,Industrial Manufacturing,Industrial Products,Industrial Products
SRM Contractors,544158,SRM,Construction,Civil Construction,Construction
Enkei Wheels,533477,,Auto Components,Auto Components & Equipments,Auto Components & Equipments
Century Enka,500280,CENTENKA,Textiles & Apparels,Other Textile Products,Other Textile Products
Himadri Special,500184,HSCL,Chemicals & Petrochemicals,Carbon Black,Carbon Black
Allied Blenders,544203,ABDL,Beverages,Breweries & Distilleries,Beverages
Tata Motors,544569,TMCV,"Agricultural, Commercial & Construction Vehicles",Commercial Vehicles,"Agricultural, Commercial & Construction Vehicles"
Hindustan Foods,519126,HNDFDS,Diversified FMCG,Diversified FMCG,Diversified FMCG
Shanthi Gears,522034,SHANTIGEAR,Industrial Manufacturing,Industrial Products,Industrial Products
Sr.Rayala.Hypo,532842,SRHHYPOLTD,Chemicals & Petrochemicals,Commodity Chemicals,Commodity Chemicals
Kirl. Ferrous,500245,KIRLFER,Ferrous Metals,Pig Iron,Ferrous Metals
Uflex,500148,UFLEX,Industrial Products,Packaging,Packaging
Eco Recyc.,530643,,Other Utilities,Waste Management,Other Utilities
Lincoln Pharma.,531633,LINCOLN,Pharmaceuticals & Biotechnology,Pharmaceuticals,Pharmaceuticals & Biotechnology
Gujarat Alkalies,530001,GUJALKALI,Chemicals & Petrochemicals,Commodity Chemicals,Commodity Chemicals
Rajratan Global,517522,RAJRATAN,Auto Components,Auto Components & Equipments,Auto Components & Equipments
MSTC,542597,MSTCLTD,Commercial Services & Supplies,Trading & Distributors,Trading & Distributors
Sona BLW Precis.,543300,SONACOMS,Auto Components,Auto Components & Equipments,Auto Components & Equipments
Bluestone Jewel,544484,BLUESTONE,Consumer Durables,"Gems, Jewellery And Watches","Gems, Jewellery And Watches"
Kewal Kir.Cloth.,532732,KKCL,Textiles & Apparels,Garments & Apparels,Garments & Apparels
Kiri Industries,532967,KIRIINDUS,Chemicals & Petrochemicals,Dyes And Pigments,Dyes And Pigments
Dr Agarwal's Hea,544350,AGARWALEYE,Healthcare Services,Hospital,Hospital
Transrail Light,544317,TRANSRAILL,Electrical Equipment,Heavy Electrical Equipment,Electrical Equipment
Le Merite Export,,LEMERITE,Textiles & Apparels,Other Textile Products,Other Textile Products
Sirca Paints,543686,SIRCA,Consumer Durables,Paints,Paints
Vesuvius India,520113,VESUVIUS,Industrial Products,Electrodes & Refractories,Electrodes & Refractories
Prevest Denpro,543363,,Healthcare Equipment & Supplies,Medical Equipment & Supplies,Healthcare Equipment & Supplies
Triveni Turbine,533655,TRITURBINE,Electrical Equipment,Heavy Electrical Equipment,Electrical Equipment
G N F C,500670,GNFC,Chemicals & Petrochemicals,Commodity Chemicals,Commodity Chemicals
Sarda Energy,504614,SARDAEN,Ferrous Metals,Iron & Steel,Ferrous Metals
Dilip Buildcon,540047,DBL,Construction,Civil Construction,Construction
Welspun Enterp,532553,WELENT,Construction,Civil Construction,Construction
Aadhar Hsg. Fin.,544176,AADHARHFC,Finance,Housing Finance Company,Finance
Prem. Explosives,526247,PREMEXPLN,Chemicals & Petrochemicals,Explosives,Explosives
Aryaman Capital,538716,,Finance,Investment Company,Finance
Varun Beverages,540180,VBL,Beverages,Other Beverages,Beverages
Indegene,544172,INDGN,Healthcare Services,"Healthcare Research, Analytics & Technology","Healthcare Research, Analytics & Technology"
Keystone Realtor,543669,RUSTOMJEE,Realty,"Residential, Commercial Projects",Realty
JSW Energy,533148,JSWENERGY,Power,Power Generation,Power
Black Box,500463,BBOX,IT - Services,IT Enabled Services,IT Enabled Services
Container Corpn.,531344,CONCOR,Transport Services,Logistics Solution Provider,Railways
Tanla Platforms,532790,TANLA,IT - Software,Software Products,Software Products
Aditya Vision,540205,AVL,Retailing,Speciality Retail,Speciality Retail
Carraro India,544320,CARRARO,Auto Components,Auto Components & Equipments,Auto Components & Equipments
Krishana Phosch.,,KRISHANA,Fertilizers & Agrochemicals,Fertilizers,Fertilizers
Vedant Fashions,543463,MANYAVAR,Retailing,Speciality Retail,Speciality Retail
Stove Kraft,543260,STOVEKRAFT,Consumer Durables,Household Appliances,Household Appliances
Monolithisch Ind,,MONOLITH,Industrial Products,Electrodes & Refractories,Electrodes & Refractories
Ajax Engineering,544356,AJAXENGG,"Agricultural, Commercial & Construction Vehicles",Construction Vehicles,"Agricultural, Commercial & Construction Vehicles"
Kilburn Engg.,522101,,Industrial Manufacturing,Industrial Products,Industrial Products
CSB Bank,542867,CSBBANK,Banks,Private Sector Bank,Banks
Nirlon,500307,,Commercial Services & Supplies,Diversified Commercial Services,Diversified Commercial Services
Marathon Nextgen,503101,MARATHON,Realty,"Residential, Commercial Projects",Realty
Virat Industries,530521,,Textiles & Apparels,Garments & Apparels,Garments & Apparels
Exhicon Events,543895,,Other Consumer Services,Other Consumer Services,Other Consumer Services
Westlife Food,505533,WESTLIFE,Leisure Services,Restaurants,Restaurants
Jubilant Food.,533155,JUBLFOOD,Leisure Services,Restaurants,Restaurants
Amal,506597,,Chemicals & Petrochemicals,Specialty Chemicals,Specialty Chemicals
Sandhar Tech,541163,SANDHAR,Auto Components,Auto Components & Equipments,Auto Components & Equipments
TCI Express,540212,TCIEXP,Transport Services,Logistics Solution Provider,Logistics Solution Provider
Studds Accessor.,544599,STUDDS,Auto Components,Auto Components & Equipments,Auto Components & Equipments
Apollo Tyres,500877,APOLLOTYRE,Auto Components,Tyres & Rubber Products,Tyres & Rubber Products
Ramky Infra,533262,RAMKY,Construction,Civil Construction,Construction
Mayur Uniquoters,522249,MAYURUNIQ,Consumer Durables,Leather And Leather Products,Leather And Leather Products
Cello World,544012,CELLO,Consumer Durables,Houseware,Houseware
I T D C,532189,ITDC,Leisure Services,Hotels & Resorts,Hotels & Resorts
Anant Raj,515055,ANANTRAJ,Realty,"Residential, Commercial Projects",Realty
Supreme Petroch.,500405,SPLPETRO,Chemicals & Petrochemicals,Petrochemicals,Petrochemicals
Wonderla Holiday,538268,WONDERLA,Leisure Services,Amusement Parks/ Other Recreation,Amusement Parks/ Other Recreation
Jaro Institute,544534,JARO,Other Consumer Services,E-Learning,Other Consumer Services
Borosil Renew.,502219,BORORENEW,Industrial Products,Glass - Industrial,Glass - Industrial
Emami,531162,EMAMILTD,Personal Products,Personal Care,Personal Products
Berger Paints,509480,BERGEPAINT,Consumer Durables,Paints,Paints
Antelopus Selan,530075,ANTELOPUS,Oil,Oil Exploration & Production,Oil
Jindal Drilling,511034,JINDRILL,Oil,Offshore Support Solution Drilling,Oil
LIC Housing Fin.,500253,LICHSGFIN,Finance,Housing Finance Company,Finance
Vishnu Chemicals,516072,VISHNU,Chemicals & Petrochemicals,Specialty Chemicals,Specialty Chemicals
JK Tyre & Indust,530007,JKTYRE,Auto Components,Tyres & Rubber Products,Tyres & Rubber Products
Mah. Seamless,500265,MAHSEAMLES,Industrial Products,Iron & Steel Products,Iron & Steel Products
Nephrocare Health Services,544647,NEPHROPLUS,Healthcare Services,Healthcare Service Provider,Healthcare Service Provider
PG Electroplast,533581,PGEL,Consumer Durables,Consumer Electronics,Consumer Electronics
Ramkrishna Forg.,532527,RKFORGE,Auto Components,Auto Components & Equipments,Auto Components & Equipments
Patanjali Foods,500368,PATANJALI,Agricultural Food & other Products,Edible Oil,Edible Oil
Synergy Green,541929,SGIL,Industrial Products,Castings & Forgings,Castings & Forgings
Tenneco Clean,544612,TENNIND,Auto Components,Auto Components & Equipments,Auto Components & Equipments
Five-Star Bus.Fi,543663,FIVESTAR,Finance,Non Banking Financial Company (NBFC),Finance
eMudhra,543533,EMUDHRA,IT - Services,IT Enabled Services,IT Enabled Services
Godrej Agrovet,540743,GODREJAGRO,Food Products,Animal Feed,Animal Feed
Vimta Labs,524394,VIMTALABS,Healthcare Services,"Healthcare Research, Analytics & Technology","Healthcare Research, Analytics & Technology"
Adani Total Gas,542066,ATGL,Gas,LPG/CNG/PNG/LNG Supplier,Gas
Sheela Foam,540203,SFL,Consumer Durables,"Furniture, Home Furnishing","Furniture, Home Furnishing"
Ambuja Cements,500425,AMBUJACEM,Cement & Cement Products,Cement & Cement Products,Cement & Cement Products
G M D C,532181,GMDCLTD,Minerals & Mining,Industrial Minerals,Minerals & Mining
Solara Active,541540,SOLARA,Pharmaceuticals & Biotechnology,Pharmaceuticals,Pharmaceuticals & Biotechnology
Dabur India,500096,DABUR,Personal Products,Personal Care,Personal Products
Swelect Energy,532051,SWELECTES,Electrical Equipment,Heavy Electrical Equipment,Electrical Equipment
IIFL Finance,532636,IIFL,Finance,Non Banking Financial Company (NBFC),Finance
Authum Invest,539177,AIIL,Finance,Non Banking Financial Company (NBFC),Finance
Arvind SmartSp.,539301,ARVSMART,Realty,"Residential, Commercial Projects",Realty
Eureka Forbes,543482,EUREKAFORB,Consumer Durables,Household Appliances,Household Appliances
Tips Music,532375,TIPSMUSIC,Entertainment,Media & Entertainment,Entertainment
Paushak,532742,PAUSHAKLTD,Chemicals & Petrochemicals,Specialty Chemicals,Specialty Chemicals
GHCL,500171,GHCL,Chemicals & Petrochemicals,Commodity Chemicals,Commodity Chemicals
HEG,509631,HEG,Industrial Products,Electrodes & Refractories,Electrodes & Refractories
JBM Auto,532605,JBMA,Auto Components,Auto Components & Equipments,Auto Components & Equipments
One Global Serv,514330,,Healthcare Services,Healthcare Service Provider,Healthcare Service Provider
Nava,513023,NAVA,Power,Power Generation,Power
BF Utilities,532430,BFUTILITIE,Transport Infrastructure,"Road AssetsToll, Annuity, Hybrid-Annuity",Transport Infrastructure
Rossari Biotech,543213,ROSSARI,Chemicals & Petrochemicals,Specialty Chemicals,Specialty Chemicals
Gallantt Ispat L,532726,GALLANTT,Industrial Products,Iron & Steel Products,Iron & Steel Products
Hindustan Copper,513599,HINDCOPPER,Non - Ferrous Metals,Copper,Non - Ferrous Metals
Blackbuck,544288,BLACKBUCK,Transport Services,Transport Related Services,Transport Related Services
CFF Fluid,543920,,Aerospace & Defense,Aerospace & Defense,Aerospace & Defense
Minda Corp,538962,MINDACORP,Auto Components,Auto Components & Equipments,Auto Components & Equipments
Syngene Intl.,539268,SYNGENE,Healthcare Services,"Healthcare Research, Analytics & Technology","Healthcare Research, Analytics & Technology"
Salzer Electron.,517059,SALZERELEC,Electrical Equipment,Other Electrical Equipment,Electrical Equipment
Suyog Telematics,537259,SUYOG,Telecom - Services,Telecom - Infrastructure,Telecom - Services
CG Power & Ind,500093,CGPOWER,Electrical Equipment,Heavy Electrical Equipment,Electrical Equipment
Banco Products,500039,BANCOINDIA,Auto Components,Auto Components & Equipments,Auto Components & Equipments
Yatharth Hospit.,543950,YATHARTH,Healthcare Services,Hospital,Hospital
Mold-Tek Pack.,533080,MOLDTKPAC,Industrial Products,Packaging,Packaging
T N Merc. Bank,543596,TMB,Banks,Private Sector Bank,Banks
Archean Chemical,543657,ACI,Chemicals & Petrochemicals,Specialty Chemicals,Specialty Chemicals
Varroc Engineer,541578,VARROC,Auto Components,Auto Components & Equipments,Auto Components & Equipments
Aster DM Health.,540975,ASTERDM,Healthcare Services,Hospital,Hospital
Gokaldas Exports,532630,GOKEX,Textiles & Apparels,Garments & Apparels,Garments & Apparels
P N Gadgil Jewe.,544256,PNGJL,Consumer Durables,"Gems, Jewellery And Watches","Gems, Jewellery And Watches"
J Kumar Infra,532940,JKIL,Construction,Civil Construction,Construction
Tembo Global,,TEMBO,Industrial Products,Iron & Steel Products,Iron & Steel Products
Sudeep Pharma,544619,SUDEEPPHRM,Pharmaceuticals & Biotechnology,Pharmaceuticals,Pharmaceuticals & Biotechnology
Siyaram Silk,503811,SIYSIL,Textiles & Apparels,Other Textile Products,Other Textile Products
Sun TV Network,532733,SUNTV,Entertainment,TV Broadcasting & Software Production,Entertainment
Granules India,532482,GRANULES,Pharmaceuticals & Biotechnology,Pharmaceuticals,Pharmaceuticals & Biotechnology
Matrimony.com,540704,MATRIMONY,Retailing,Internet & Catalogue Retail,Internet & Catalogue Retail
Astec Lifescienc,533138,ASTEC,Fertilizers & Agrochemicals,Pesticides & Agrochemicals,Pesticides & Agrochemicals
Monte Carlo Fas.,538836,MONTECARLO,Textiles & Apparels,Garments & Apparels,Garments & Apparels
B-Right Real,543543,,Realty,"Residential, Commercial Projects",Realty
Antony Waste han,543254,AWHCL,Other Utilities,Waste Management,Other Utilities
V-Mart Retail,534976,VMART,Retailing,Diversified Retail,Diversified Retail
Cosmo First,508814,COSMOFIRST,Industrial Products,Packaging,Packaging
Wework India,544570,WEWORK,Commercial Services & Supplies,Diversified Commercial Services,Diversified Commercial Services
Meghna Infracon,538668,,Realty,"Residential, Commercial Projects",Realty
TTK Prestige,517506,TTKPRESTIG,Consumer Durables,Household Appliances,Household Appliances
Baheti Recycling,,BAHETI,Industrial Products,"Aluminium, Copper & Zinc Products","Aluminium, Copper & Zinc Products"
Pricol Ltd,540293,PRICOLLTD,Auto Components,Auto Components & Equipments,Auto Components & Equipments
Krishna Institu.,543308,KIMS,Healthcare Services,Hospital,Hospital
Gloster Ltd,542351,GLOSTERLTD,"Paper, Forest & Jute Products",Jute & Jute Products,"Paper, Forest & Jute Products"
DLF,532868,DLF,Realty,"Residential, Commercial Projects",Realty
63 Moons Tech.,526881,63MOONS,IT - Software,Computers - Software & Consulting,Computers - Software & Consulting
H.G. Infra Engg.,541019,HGINFRA,Construction,Civil Construction,Construction
Orkla India,544595,ORKLAINDIA,Food Products,Other Food Products,Other Food Products
Butterfly Gan Ap,517421,BUTTERFLY,Consumer Durables,Household Appliances,Household Appliances
Z-Tech (India),,ZTECH,Other Utilities,Waste Management,Other Utilities
Anand Rathi Shar,544530,ARSSBL,Capital Markets,Stockbroking & Allied,Stockbroking & Allied
Divgi Torq,543812,DIVGIITTS,Auto Components,Auto Components & Equipments,Auto Components & Equipments
Viviana Power,,VIVIANA,Construction,Civil Construction,Construction
NELCO,504112,NELCO,IT - Hardware,Computers Hardware & Equipments,IT - Hardware
Quality Power El,544367,QPOWER,Electrical Equipment,Heavy Electrical Equipment,Electrical Equipment
KRN Heat Exchan,544263,KRN,Industrial Products,Other Industrial Products,Other Industrial Products
Vasa Denticity,,DENTALKART,Healthcare Equipment & Supplies,Medical Equipment & Supplies,Healthcare Equipment & Supplies
Route Mobile,543228,ROUTE,Telecom - Services,Other Telecom Services,Telecom - Services
Krystal Integrat,544149,KRYSTAL,Commercial Services & Supplies,Diversified Commercial Services,Diversified Commercial Services
Piccadily Agro,530305,PICCADIL,Beverages,Breweries & Distilleries,Beverages
Sh. Jagdamba Pol,512453,,Industrial Products,Packaging,Packaging
Tata Inv.Corpn.,501301,TATAINVEST,Finance,Investment Company,Finance
Amrutanjan Healt,590006,AMRUTANJAN,Pharmaceuticals & Biotechnology,Pharmaceuticals,Pharmaceuticals & Biotechnology
Parin Enterpris.,,PARIN,Consumer Durables,"Furniture, Home Furnishing","Furniture, Home Furnishing"
Schneider Elect.,534139,SCHNEIDER,Electrical Equipment,Heavy Electrical Equipment,Electrical Equipment
Anthem Bioscienc,544449,ANTHEM,Pharmaceuticals & Biotechnology,Biotechnology,Pharmaceuticals & Biotechnology
Asian Star Co.,531847,,Consumer Durables,"Gems, Jewellery And Watches","Gems, Jewellery And Watches"
Protean eGov,544021,PROTEAN,IT - Services,IT Enabled Services,IT Enabled Services
Graphite India,509488,GRAPHITE,Industrial Products,Electrodes & Refractories,Electrodes & Refractories
Garware Tech.,509557,GARFIBRES,Textiles & Apparels,Other Textile Products,Other Textile Products
Insecticid.India,532851,INSECTICID,Fertilizers & Agrochemicals,Pesticides & Agrochemicals,Pesticides & Agrochemicals
V-Marc India,,VMARCIND,Industrial Products,Cables - Electricals,Cables - Electricals
Rategain Travel,543417,RATEGAIN,IT - Software,Computers - Software & Consulting,Computers - Software & Consulting
Capillary Tech.,544614,CAPILLARY,IT - Software,Software Products,Software Products
I R C T C,542830,IRCTC,Leisure Services,"Tour, Travel Related Services","Tour, Travel Related Services"
Health.Global,539787,HCG,Healthcare Services,Hospital,Hospital
Rossell Techsys,544294,ROSSTECH,Aerospace & Defense,Aerospace & Defense,Aerospace & Defense
Ather Energy,544397,ATHERENERG,Automobiles,2/3 Wheelers,Automobiles
Danish Power,,DANISH,Electrical Equipment,Heavy Electrical Equipment,Electrical Equipment
Paras Defence,543367,PARAS,Aerospace & Defense,Aerospace & Defense,Aerospace & Defense
Sundrop Brands,500215,SUNDROP,Agricultural Food & other Products,Edible Oil,Edible Oil
Newgen Software,540900,NEWGEN,IT - Software,Computers - Software & Consulting,Computers - Software & Consulting
TD Power Systems,533553,TDPOWERSYS,Electrical Equipment,Heavy Electrical Equipment,Electrical Equipment
Cemindia Project,509496,CEMPRO,Construction,Civil Construction,Construction
Mac Charles(I),507836,,Leisure Services,Hotels & Resorts,Hotels & Resorts
IZMO,532341,IZMO,IT - Services,IT Enabled Services,IT Enabled Services
KEC International,532714,KEC,Construction,Civil Construction,Construction
M.V.K. Agro,,MVKAGRO,Agricultural Food & other Products,Sugar,Sugar
Jubilant Ingrev.,543271,JUBLINGREA,Chemicals & Petrochemicals,Specialty Chemicals,Specialty Chemicals
ICICI Pru Life,540133,ICICIPRULI,Insurance,Life Insurance,Insurance
Shakti Pumps,531431,SHAKTIPUMP,Industrial Products,"Compressors, Pumps & Diesel Engines","Compressors, Pumps & Diesel Engines"
S P Apparels,540048,SPAL,Textiles & Apparels,Garments & Apparels,Garments & Apparels
Just Dial,535648,JUSTDIAL,Retailing,Internet & Catalogue Retail,Internet & Catalogue Retail
Indian Hotels Co,500850,INDHOTEL,Leisure Services,Hotels & Resorts,Hotels & Resorts
Datamatics Glob.,532528,DATAMATICS,IT - Services,IT Enabled Services,IT Enabled Services
Rubicon Research,544578,RUBICON,Pharmaceuticals & Biotechnology,Pharmaceuticals,Pharmaceuticals & Biotechnology
Deccan Cements,502137,DECCANCE,Cement & Cement Products,Cement & Cement Products,Cement & Cement Products
Bikaji Foods,543653,BIKAJI,Food Products,Packaged Foods,Packaged Foods
Aegis Logistics,500003,AEGISLOG,Gas,Trading - Gas,Gas
Avishkar Infra,508929,,Realty,"Residential, Commercial Projects",Realty
Fairchem Organic,543252,FAIRCHEMOR,Chemicals & Petrochemicals,Specialty Chemicals,Specialty Chemicals
The Hi-Tech Gear,522073,HITECHGEAR,Auto Components,Auto Components & Equipments,Auto Components & Equipments
Remus Pharma.,,REMUS,Pharmaceuticals & Biotechnology,Pharmaceuticals,Pharmaceuticals & Biotechnology
Aryaman Fin.Serv,530245,,Finance,Non Banking Financial Company (NBFC),Finance
Tata Technolog.,544028,TATATECH,IT - Services,IT Enabled Services,IT Enabled Services
Tinna Rubber,530475,TINNARUBR,Industrial Products,Rubber,Rubber
AGI Greenpac,500187,AGI,Industrial Products,Packaging,Packaging
Kalyani Steels,500235,KSL,Industrial Products,Iron & Steel Products,Iron & Steel Products
Syrma SGS Tech.,543573,SYRMA,Industrial Manufacturing,Industrial Products,Industrial Products
Universal Cables,504212,UNIVCABLES,Industrial Products,Cables - Electricals,Cables - Electricals
Shankara Buildpro,544517,BUILDPRO,Retailing,Speciality Retail,Speciality Retail
TAC Infosec,,TAC,IT - Software,Computers - Software & Consulting,Computers - Software & Consulting
Agarwal Indl.,531921,AGARIND,Chemicals & Petrochemicals,Petrochemicals,Petrochemicals
Shree Vasu Logis,,SVLL,Transport Services,Logistics Solution Provider,Logistics Solution Provider
NDR Auto Compon.,543214,NDRAUTO,Auto Components,Auto Components & Equipments,Auto Components & Equipments
Alicon Cast.,531147,ALICON,Auto Components,Auto Components & Equipments,Auto Components & Equipments
Innova Captab,544067,INNOVACAP,Pharmaceuticals & Biotechnology,Pharmaceuticals,Pharmaceuticals & Biotechnology
Cams Services,543232,CAMS,Capital Markets,"Depositories, Clearing Houses and Other Intermediaries",Capital Markets
Shree Tirupati,,TIRUPATI,Industrial Products,Plastic Products - Industrial,Plastic Products - Industrial
Control Print,522295,CONTROLPR,IT - Hardware,Computers Hardware & Equipments,IT - Hardware
Ashapura Minech.,527001,ASHAPURMIN,Minerals & Mining,Industrial Minerals,Minerals & Mining
Ganesha Ecosphe.,514167,GANECOS,Textiles & Apparels,Other Textile Products,Other Textile Products
Premier Energies,544238,PREMIERENE,Electrical Equipment,Other Electrical Equipment,Electrical Equipment
Bhartiya Intl.,526666,BIL,Consumer Durables,Leather And Leather Products,Leather And Leather Products
Vedanta,500295,VEDL,Diversified Metals,Diversified Metals,Diversified Metals
Jeena Sikho,544476,JSLL,Pharmaceuticals & Biotechnology,Pharmaceuticals,Pharmaceuticals & Biotechnology
Sejal Glass,532993,SEJALLTD,Industrial Products,Glass - Industrial,Glass - Industrial
Orchid Pharma,524372,ORCHPHARMA,Pharmaceuticals & Biotechnology,Pharmaceuticals,Pharmaceuticals & Biotechnology
PSP Projects,540544,PSPPROJECT,Construction,Civil Construction,Construction
KSB,500249,KSB,Industrial Products,"Compressors, Pumps & Diesel Engines","Compressors, Pumps & Diesel Engines"
Raghav Product.,539837,RPEL,Industrial Products,Electrodes & Refractories,Electrodes & Refractories
Creative Newtech,544631,CNL,Commercial Services & Supplies,Trading & Distributors,Trading & Distributors
Rel. Indl. Infra,523445,RIIL,Transport Services,Logistics Solution Provider,Logistics Solution Provider
HDB FINANC SER,544429,HDBFS,Finance,Non Banking Financial Company (NBFC),Finance
Hindustan Zinc,500188,HINDZINC,Non - Ferrous Metals,Zinc,Non - Ferrous Metals
Onix Solar,513119,,Non - Ferrous Metals,Copper,Non - Ferrous Metals
IST,508807,,Auto Components,Auto Components & Equipments,Auto Components & Equipments
Indokem,504092,,Chemicals & Petrochemicals,Specialty Chemicals,Specialty Chemicals
UPL,512070,UPL,Fertilizers & Agrochemicals,Pesticides & Agrochemicals,Pesticides & Agrochemicals
Zensar Tech.,504067,ZENSARTECH,IT - Software,Computers - Software & Consulting,Computers - Software & Consulting
Gandhi Spl. Tube,513108,GANDHITUBE,Industrial Products,Iron & Steel Products,Iron & Steel Products
HBL Engineering,517271,HBLENGINE,Industrial Products,Other Industrial Products,Other Industrial Products
India Nipp.Elec.,532240,INDNIPPON,Auto Components,Auto Components & Equipments,Auto Components & Equipments
RPSG Ventures,542333,RPSGVENT,Commercial Services & Supplies,Business Process Outsourcing (BPO)/ Knowledge Process Outsourcing (KPO),Business Process Outsourcing (BPO)/ Knowledge Process Outsourcing (KPO)
HDFC Life Insur.,540777,HDFCLIFE,Insurance,Life Insurance,Insurance
Venus Remedies,526953,VENUSREM,Pharmaceuticals & Biotechnology,Pharmaceuticals,Pharmaceuticals & Biotechnology
Tata Chemicals,500770,TATACHEM,Chemicals & Petrochemicals,Commodity Chemicals,Commodity Chemicals
Krsnaa Diagnost.,543328,KRSNAA,Healthcare Services,Healthcare Service Provider,Healthcare Service Provider
Supriya Lifesci.,543434,SUPRIYA,Pharmaceuticals & Biotechnology,Pharmaceuticals,Pharmaceuticals & Biotechnology
Hexaware Tech.,544362,HEXT,IT - Software,Computers - Software & Consulting,Computers - Software & Consulting
Gala Precis. Eng,544244,GALAPREC,Industrial Manufacturing,Industrial Products,Industrial Products
Aimtron,,AIMTRON,Industrial Manufacturing,Industrial Products,Industrial Products
Ganesh Housing,526367,GANESHHOU,Realty,"Residential, Commercial Projects",Realty
Pokarna,532486,POKARNA,Consumer Durables,Granites & Marbles,Granites & Marbles
Finolex Cables,500144,FINCABLES,Industrial Products,Cables - Electricals,Cables - Electricals
Ventive Hospital,544321,VENTIVE,Leisure Services,Hotels & Resorts,Hotels & Resorts
Z F Steering,505163,,Auto Components,Auto Components & Equipments,Auto Components & Equipments
Pitti Engg.,513519,PITTIENG,Industrial Manufacturing,Industrial Products,Industrial Products
Atlanta Electric,544527,ATLANTAELE,Electrical Equipment,Heavy Electrical Equipment,Electrical Equipment
Welspun Corp,532144,WELCORP,Industrial Products,Iron & Steel Products,Iron & Steel Products
Wheels India,590073,WHEELS,Auto Components,Auto Components & Equipments,Auto Components & Equipments
ICE Make Refrig.,,ICEMAKE,Industrial Manufacturing,Industrial Products,Industrial Products
ISGEC Heavy,533033,ISGEC,Construction,Civil Construction,Construction
Century Plyboard,532548,CENTURYPLY,Consumer Durables,Plywood Boards/ Laminates,Plywood Boards/ Laminates
Rane (Madras),532661,RML,Auto Components,Auto Components & Equipments,Auto Components & Equipments
Mangalam Cement,502157,MANGLMCEM,Cement & Cement Products,Cement & Cement Products,Cement & Cement Products
Marico,531642,MARICO,Agricultural Food & other Products,Edible Oil,Edible Oil
Subros,517168,SUBROS,Industrial Products,Other Industrial Products,Other Industrial Products
Jindal Stain.,532508,JSL,Ferrous Metals,Iron & Steel,Ferrous Metals
Kody Technolab,,KODYTECH,IT - Software,Computers - Software & Consulting,Computers - Software & Consulting
Motil.Oswal.Fin.,532892,MOTILALOFS,Capital Markets,Stockbroking & Allied,Stockbroking & Allied
Khazanchi Jewell,543953,,Consumer Durables,"Gems, Jewellery And Watches","Gems, Jewellery And Watches"
Carysil,524091,CARYSIL,Consumer Durables,Household Appliances,Household Appliances
Avanti Feeds,512573,AVANTIFEED,Food Products,Animal Feed,Animal Feed
Afcom Holdings,544224,,Transport Services,Logistics Solution Provider,Logistics Solution Provider
Choice Intl.,531358,CHOICEIN,Finance,Holding Company,Finance
Brigade Enterpr.,532929,BRIGADE,Realty,"Residential, Commercial Projects",Realty
Yuken India,522108,YUKEN,Industrial Products,"Compressors, Pumps & Diesel Engines","Compressors, Pumps & Diesel Engines"
Pashupati Cotsp.,544448,PASHUPATI,Textiles & Apparels,Other Textile Products,Other Textile Products
Alembic Pharma,533573,APLLTD,Pharmaceuticals & Biotechnology,Pharmaceuticals,Pharmaceuticals & Biotechnology
Aarti Pharma,543748,AARTIPHARM,Pharmaceuticals & Biotechnology,Pharmaceuticals,Pharmaceuticals & Biotechnology
SBI Cards,543066,SBICARD,Finance,Non Banking Financial Company (NBFC),Finance
Adani Green,541450,ADANIGREEN,Power,Power Generation,Power
Medplus Health,543427,MEDPLUS,Retailing,Pharmacy Retail,Pharmacy Retail
INDIA SHELTE FIN,544044,INDIASHLTR,Finance,Housing Finance Company,Finance
Alpex Solar,,ALPEXSOLAR,Electrical Equipment,Other Electrical Equipment,Electrical Equipment
Nitta Gelatin,506532,,Chemicals & Petrochemicals,Specialty Chemicals,Specialty Chemicals
Shyam Metalics,543299,SHYAMMETL,Industrial Products,Iron & Steel Products,Iron & Steel Products
Aditya AMC,543374,ABSLAMC,Capital Markets,Asset Management Company,Capital Markets
F A C T,590024,FACT,Fertilizers & Agrochemicals,Fertilizers,Fertilizers
Permanent Magnet,504132,,Electrical Equipment,Other Electrical Equipment,Electrical Equipment
Novartis India,500672,NOVARTIND,Pharmaceuticals & Biotechnology,Pharmaceuticals,Pharmaceuticals & Biotechnology
Titagarh Rail,532966,TITAGARH,Industrial Manufacturing,Railway Wagons,Railways
Windlas Biotech,543329,WINDLAS,Pharmaceuticals & Biotechnology,Pharmaceuticals,Pharmaceuticals & Biotechnology
Assoc.Alcohols,507526,ASALCBR,Beverages,Breweries & Distilleries,Beverages
Action Const.Eq.,532762,ACE,"Agricultural, Commercial & Construction Vehicles",Construction Vehicles,"Agricultural, Commercial & Construction Vehicles"
Alldigi Tech,532633,ALLDIGI,Commercial Services & Supplies,Business Process Outsourcing (BPO)/ Knowledge Process Outsourcing (KPO),Business Process Outsourcing (BPO)/ Knowledge Process Outsourcing (KPO)
JK Lakshmi Cem.,500380,JKLAKSHMI,Cement & Cement Products,Cement & Cement Products,Cement & Cement Products
Rajapalayam Mill,532503,,Textiles & Apparels,Other Textile Products,Other Textile Products
Sai Life,544306,SAILIFE,Pharmaceuticals & Biotechnology,Pharmaceuticals,Pharmaceuticals & Biotechnology
Strides Pharma,532531,STAR,Pharmaceuticals & Biotechnology,Pharmaceuticals,Pharmaceuticals & Biotechnology
Whirlpool India,500238,WHIRLPOOL,Consumer Durables,Household Appliances,Household Appliances
Rajesh Power,544291,,Other Utilities,Multi Utilities,Other Utilities
Sahana Systems,,SAHANA,IT - Services,IT Enabled Services,IT Enabled Services
Electrotherm(I),526608,ELECTHERM,Industrial Products,Iron & Steel Products,Iron & Steel Products
Lotus Chocolate,523475,,Food Products,Packaged Foods,Packaged Foods
Jyoti CNC Auto.,544081,JYOTICNC,Industrial Manufacturing,Industrial Products,Industrial Products
Senores Pharma.,544319,SENORES,Pharmaceuticals & Biotechnology,Pharmaceuticals,Pharmaceuticals & Biotechnology
Goodyear India,500168,GOODYEAR,Auto Components,Tyres & Rubber Products,Tyres & Rubber Products
Life Insurance,543526,LICI,Insurance,Life Insurance,Insurance
Avalon Tech,543896,AVALON,Electrical Equipment,Other Electrical Equipment,Electrical Equipment
Emkay Tools,,ETL,Industrial Manufacturing,Industrial Products,Industrial Products
Sharda Cropchem,538666,SHARDACROP,Fertilizers & Agrochemicals,Pesticides & Agrochemicals,Pesticides & Agrochemicals
PNB Housing,540173,PNBHOUSING,Finance,Housing Finance Company,Finance
India Glycols,500201,INDIAGLYCO,Beverages,Breweries & Distilleries,Beverages
Adani Energy Sol,539254,ADANIENSOL,Power,Power Distribution,Power
Carborundum Uni.,513375,CARBORUNIV,Industrial Products,Abrasives & Bearings,Abrasives & Bearings
Valiant Commun.,526775,,Telecom -  Equipment & Accessories,Telecom -  Equipment & Accessories,Telecom -  Equipment & Accessories
Kaveri Seed Co.,532899,KSCL,Agricultural Food & other Products,Other Agricultural Products,Other Agricultural Products
Chalet Hotels,542399,CHALET,Leisure Services,Hotels & Resorts,Hotels & Resorts
Wealth First Por,544536,WEALTH,Finance,Other Financial Services,Finance
Sika Interplant,523606,,Aerospace & Defense,Aerospace & Defense,Aerospace & Defense
InfoBeans Tech.,543644,INFOBEAN,IT - Software,Computers - Software & Consulting,Computers - Software & Consulting
Nippon Life Ind.,540767,NAM-INDIA,Capital Markets,Asset Management Company,Capital Markets
Mahamaya Steel,513554,MAHASTEEL,Industrial Products,Iron & Steel Products,Iron & Steel Products
Polyplex Corpn,524051,POLYPLEX,Industrial Products,Packaging,Packaging
Macfos,543787,,Retailing,E-Retail/ E-Commerce,E-Retail/ E-Commerce
Ahluwalia Contr.,532811,AHLUCONT,Construction,Civil Construction,Construction
Amara Raja Ener.,500008,ARE&M,Auto Components,Auto Components & Equipments,Auto Components & Equipments
Natco Pharma,524816,NATCOPHARM,Pharmaceuticals & Biotechnology,Pharmaceuticals,Pharmaceuticals & Biotechnology
Macpower CNC,,MACPOWER,Industrial Manufacturing,Industrial Products,Industrial Products
Sharda Motor,535602,SHARDAMOTR,Auto Components,Auto Components & Equipments,Auto Components & Equipments
Sunshield Chem.,530845,,Chemicals & Petrochemicals,Specialty Chemicals,Specialty Chemicals
C P C L,500110,CHENNPETRO,Petroleum Products,Refineries & Marketing,Petroleum Products
Fortis Health.,532843,FORTIS,Healthcare Services,Hospital,Hospital
K P R Mill Ltd,532889,KPRMILL,Textiles & Apparels,Other Textile Products,Other Textile Products
Unimech Aero.,544322,UNIMECH,Aerospace & Defense,Aerospace & Defense,Aerospace & Defense
Symphony,517385,SYMPHONY,Consumer Durables,Household Appliances,Household Appliances
Ceinsys Tech,538734,,IT - Software,Computers - Software & Consulting,Computers - Software & Consulting
Bata India,500043,BATAINDIA,Consumer Durables,Footwear,Footwear
Clean Science,543318,CLEAN,Chemicals & Petrochemicals,Specialty Chemicals,Specialty Chemicals
Eldeco Housing,523329,ELDEHSG,Realty,"Residential, Commercial Projects",Realty
SignatureGlobal,543990,SIGNATURE,Realty,"Residential, Commercial Projects",Realty
Waaree Renewab.,534618,WAAREERTL,Electrical Equipment,Other Electrical Equipment,Electrical Equipment
Indian Bank,532814,INDIANB,Banks,Public Sector Bank,Banks
Hatsun Agro,531531,HATSUN,Food Products,Dairy Products,Dairy Products
EID Parry,500125,EIDPARRY,Food Products,Other Food Products,Other Food Products
RRP Defense,530929,,Commercial Services & Supplies,Trading & Distributors,Trading & Distributors
Zydus Lifesci.,532321,ZYDUSLIFE,Pharmaceuticals & Biotechnology,Pharmaceuticals,Pharmaceuticals & Biotechnology
Alivus Life,543322,ALIVUS,Pharmaceuticals & Biotechnology,Pharmaceuticals,Pharmaceuticals & Biotechnology
Sudarshan Chem.,506655,SUDARSCHEM,Chemicals & Petrochemicals,Dyes And Pigments,Dyes And Pigments
Nucleus Soft.,531209,NUCLEUS,IT - Software,Software Products,Software Products
Intellect Design,538835,INTELLECT,IT - Software,Computers - Software & Consulting,Computers - Software & Consulting
IndusInd Bank,532187,INDUSINDBK,Banks,Private Sector Bank,Banks
Techno Elec.Engg,542141,TECHNOE,Construction,Civil Construction,Construction
Lux Industries,539542,LUXIND,Textiles & Apparels,Garments & Apparels,Garments & Apparels
Can Fin Homes,511196,CANFINHOME,Finance,Housing Finance Company,Finance
Lodha Developers,543287,LODHA,Realty,"Residential, Commercial Projects",Realty
Gabriel India,505714,GABRIEL,Auto Components,Auto Components & Equipments,Auto Components & Equipments
Sobhagya Mercant,512014,,Commercial Services & Supplies,Diversified Commercial Services,Diversified Commercial Services
Excel Industries,500650,EXCELINDUS,Chemicals & Petrochemicals,Specialty Chemicals,Specialty Chemicals
Astra Microwave,532493,ASTRAMICRO,Aerospace & Defense,Aerospace & Defense,Aerospace & Defense
Expleo Solutions,533121,EXPLEOSOL,IT - Services,IT Enabled Services,IT Enabled Services
Sundram Fasten.,500403,SUNDRMFAST,Auto Components,Auto Components & Equipments,Auto Components & Equipments
Raymond Lifestyl,544240,RAYMONDLSL,Textiles & Apparels,Other Textile Products,Other Textile Products
Globus Spirits,533104,GLOBUSSPR,Beverages,Breweries & Distilleries,Beverages
Aurionpro Sol.,532668,AURIONPRO,IT - Software,Computers - Software & Consulting,Computers - Software & Consulting
HDFC Bank,500180,HDFCBANK,Banks,Private Sector Bank,Banks
Empire Inds.,509525,,Diversified,Diversified,Diversified
G R Infraproject,543317,GRINFRA,Construction,Civil Construction,Construction
CCL Products,519600,CCL,Agricultural Food & other Products,Tea & Coffee,Tea & Coffee
Bajaj Finance,500034,BAJFINANCE,Finance,Non Banking Financial Company (NBFC),Finance
Dynacons Sys.,532365,DSSL,IT - Services,IT Enabled Services,IT Enabled Services
PVR Inox,532689,PVRINOX,Entertainment,"Film Production, Distribution & Exhibition",Entertainment
Kajaria Ceramics,500233,KAJARIACER,Consumer Durables,Ceramics,Ceramics
Asahi India Glas,515030,ASAHIINDIA,Auto Components,Auto Components & Equipments,Auto Components & Equipments
G M Breweries,507488,GMBREW,Beverages,Breweries & Distilleries,Beverages
Dredging Corpn.,523618,DREDGECORP,Engineering Services,Dredging,Engineering Services
Krishna Defence,,KRISHNADEF,Aerospace & Defense,Aerospace & Defense,Aerospace & Defense
Hindalco Inds.,500440,HINDALCO,Non - Ferrous Metals,Aluminium,Non - Ferrous Metals
Anondita Medi.,,ANONDITA,Personal Products,Personal Care,Personal Products
Jubilant Pharmo,530019,JUBLPHARMA,Pharmaceuticals & Biotechnology,Pharmaceuticals,Pharmaceuticals & Biotechnology
RACL Geartech,520073,RACLGEAR,Auto Components,Auto Components & Equipments,Auto Components & Equipments
TTK Healthcare,507747,TTKHLTCARE,Diversified,Diversified,Diversified
AU Small Finance,540611,AUBANK,Banks,Other Bank,Banks
Aether Industri.,543534,AETHER,Chemicals & Petrochemicals,Specialty Chemicals,Specialty Chemicals
UTI AMC,543238,UTIAMC,Capital Markets,Asset Management Company,Capital Markets
Godrej Industrie,500164,GODREJIND,Diversified,Diversified,Diversified
Maithan Alloys,590078,MAITHANALL,Ferrous Metals,Ferro & Silica Manganese,Ferrous Metals
GMM Pfaudler,505255,GMMPFAUDLR,Industrial Manufacturing,Industrial Products,Industrial Products
Titan Biotech,524717,,Chemicals & Petrochemicals,Specialty Chemicals,Specialty Chemicals
LKP Finance,507912,,Finance,Other Financial Services,Finance
Olectra Greentec,532439,OLECTRA,Automobiles,Passenger Cars & Utility Vehicles,Automobiles
N S D L,544467,,Capital Markets,"Depositories, Clearing Houses and Other Intermediaries",Capital Markets
Max Healthcare,543220,MAXHEALTH,Healthcare Services,Hospital,Hospital
Cheviot Company,526817,CHEVIOT,"Paper, Forest & Jute Products",Jute & Jute Products,"Paper, Forest & Jute Products"
XPRO India,590013,XPROINDIA,Industrial Products,Packaging,Packaging
Jindal Poly Inve,536773,JPOLYINVST,Finance,Investment Company,Finance
Vijaya Diagnost.,543350,VIJAYA,Healthcare Services,Healthcare Service Provider,Healthcare Service Provider
Punjab Chemicals,506618,PUNJABCHEM,Fertilizers & Agrochemicals,Pesticides & Agrochemicals,Pesticides & Agrochemicals
Transport Corp.,532349,TCI,Transport Services,Logistics Solution Provider,Logistics Solution Provider
Ador Welding,517041,ADOR,Industrial Products,Other Industrial Products,Other Industrial Products
Shriram Finance,511218,SHRIRAMFIN,Finance,Non Banking Financial Company (NBFC),Finance
Sandesh,526725,SANDESH,Media,Print Media,Media
PNGS Gargi FJ,543709,,Consumer Durables,"Gems, Jewellery And Watches","Gems, Jewellery And Watches"
Laurus Labs,540222,LAURUSLABS,Pharmaceuticals & Biotechnology,Pharmaceuticals,Pharmaceuticals & Biotechnology
Dhunseri Invest.,533336,DHUNINV,Finance,Non Banking Financial Company (NBFC),Finance
KFin Technolog.,543720,KFINTECH,Capital Markets,"Depositories, Clearing Houses and Other Intermediaries",Capital Markets
Bizotic Commer.,543926,,Textiles & Apparels,Garments & Apparels,Garments & Apparels
Metro Brands,543426,METROBRAND,Consumer Durables,Footwear,Footwear
Happy Forgings,544057,HAPPYFORGE,Industrial Products,Castings & Forgings,Castings & Forgings
Goodluck India,530655,GOODLUCK,Industrial Products,Iron & Steel Products,Iron & Steel Products
Solex Energy,,SOLEX,Electrical Equipment,Heavy Electrical Equipment,Electrical Equipment
NIBE,535136,NIBE,Aerospace & Defense,Aerospace & Defense,Aerospace & Defense
Venus Pipes,543528,VENUSPIPES,Industrial Products,Iron & Steel Products,Iron & Steel Products
Birla Corpn.,500335,BIRLACORPN,Cement & Cement Products,Cement & Cement Products,Cement & Cement Products
SBI,500112,SBIN,Banks,Public Sector Bank,Banks
Global Health,543654,MEDANTA,Healthcare Services,Hospital,Hospital
Indigo Paints,543258,INDIGOPNTS,Consumer Durables,Paints,Paints
Arih.Found.Hsg.,531381,,Realty,"Residential, Commercial Projects",Realty
Jyoti Resins,514448,,Chemicals & Petrochemicals,Specialty Chemicals,Specialty Chemicals
Mallcom (India),539400,MALLCOM,Industrial Products,Other Industrial Products,Other Industrial Products
Gulf Oil Lubric.,538567,GULFOILLUB,Petroleum Products,Lubricants,Petroleum Products
The Ramco Cement,500260,RAMCOCEM,Cement & Cement Products,Cement & Cement Products,Cement & Cement Products
Va Tech Wabag,533269,WABAG,Other Utilities,Water Supply & Management,Other Utilities
Jindal Steel,532286,JINDALSTEL,Ferrous Metals,Iron & Steel,Ferrous Metals
Travel Food,544443,TRAVELFOOD,Leisure Services,Restaurants,Restaurants
Epigral,543332,EPIGRAL,Chemicals & Petrochemicals,Specialty Chemicals,Specialty Chemicals
Kirl.Pneumatic,505283,KIRLPNU,Industrial Products,"Compressors, Pumps & Diesel Engines","Compressors, Pumps & Diesel Engines"
India Motor Part,590065,IMPAL,Auto Components,Trading - Auto components,Trading - Auto components
Mahanagar Gas,539957,MGL,Gas,LPG/CNG/PNG/LNG Supplier,Gas
Vinyas Innovativ,,VINYAS,Industrial Manufacturing,Industrial Products,Industrial Products
Bharat Parenter.,541096,,Pharmaceuticals & Biotechnology,Pharmaceuticals,Pharmaceuticals & Biotechnology
Prataap Snacks,540724,DIAMONDYD,Food Products,Packaged Foods,Packaged Foods
Cyient,532175,CYIENT,IT - Services,IT Enabled Services,IT Enabled Services
Dhanuka Agritech,507717,DHANUKA,Fertilizers & Agrochemicals,Pesticides & Agrochemicals,Pesticides & Agrochemicals
Manorama Indust.,541974,MANORAMA,Food Products,Other Food Products,Other Food Products
Kirloskar Oil,533293,KIRLOSENG,Industrial Products,"Compressors, Pumps & Diesel Engines","Compressors, Pumps & Diesel Engines"
Inox India,544046,INOXINDIA,Industrial Products,Other Industrial Products,Other Industrial Products
DCM Shriram,523367,DCMSHRIRAM,Diversified,Diversified,Diversified
Aayush Art,540718,,Textiles & Apparels,Other Textile Products,Other Textile Products
Indian Metals,533047,IMFA,Ferrous Metals,Ferro & Silica Manganese,Ferrous Metals
Kalpataru Proj.,522287,KPIL,Construction,Civil Construction,Construction
GE Shipping Co,500620,GESHIP,Transport Services,Shipping,Shipping
Kwality Pharma,539997,,Pharmaceuticals & Biotechnology,Pharmaceuticals,Pharmaceuticals & Biotechnology
360 ONE,542772,360ONE,Capital Markets,Stockbroking & Allied,Stockbroking & Allied
Home First Finan,543259,HOMEFIRST,Finance,Housing Finance Company,Finance
KPIT Technologi.,542651,KPITTECH,IT - Software,Computers - Software & Consulting,Computers - Software & Consulting
Mobavenue AI Tech,539682,,IT - Software,Software Products,Software Products
Lloyds Metals,512455,LLOYDSME,Minerals & Mining,Industrial Minerals,Minerals & Mining
Balaji Amines,530999,BALAMINES,Chemicals & Petrochemicals,Specialty Chemicals,Specialty Chemicals
SEAMEC Ltd,526807,SEAMECLTD,Transport Services,Shipping,Shipping
Neogen Chemicals,542665,NEOGEN,Chemicals & Petrochemicals,Specialty Chemicals,Specialty Chemicals
Aurobindo Pharma,524804,AUROPHARMA,Pharmaceuticals & Biotechnology,Pharmaceuticals,Pharmaceuticals & Biotechnology
Uno Minda,532539,UNOMINDA,Auto Components,Auto Components & Equipments,Auto Components & Equipments
Amic Forging,544037,,Industrial Products,Castings & Forgings,Castings & Forgings
One 97,543396,PAYTM,Financial Technology (Fintech),Financial Technology (Fintech),Financial Technology (Fintech)
Kernex Microsys.,532686,KERNEX,Transport Services,Transport Related Services,Transport Related Services
NESCO,505355,NESCO,Commercial Services & Supplies,Diversified Commercial Services,Diversified Commercial Services
Transpek Inds.,506687,,Chemicals & Petrochemicals,Commodity Chemicals,Commodity Chemicals
AXISCADES Tech.,532395,AXISCADES,Aerospace & Defense,Aerospace & Defense,Aerospace & Defense
Tata Consumer,500800,TATACONSUM,Agricultural Food & other Products,Tea & Coffee,Tea & Coffee
Tatva Chintan,543321,TATVA,Chemicals & Petrochemicals,Specialty Chemicals,Specialty Chemicals
Entero Healthcar,544122,ENTERO,Retailing,Pharmacy Retail,Pharmacy Retail
Sundaram Clayton,544066,SUNCLAY,Auto Components,Auto Components & Equipments,Auto Components & Equipments
JSW Steel,500228,JSWSTEEL,Ferrous Metals,Iron & Steel,Ferrous Metals
Deepak Fertilis.,500645,DEEPAKFERT,Chemicals & Petrochemicals,Commodity Chemicals,Commodity Chemicals
Veljan Denison,505232,,Auto Components,Auto Components & Equipments,Auto Components & Equipments
Spectrum Electr.,544386,SPECTRUM,Industrial Manufacturing,Industrial Products,Industrial Products
Rainbow Child.,543524,RAINBOW,Healthcare Services,Hospital,Hospital
Cosmic CRF,543928,,Industrial Products,Iron & Steel Products,Iron & Steel Products
Dodla Dairy,543306,DODLA,Food Products,Dairy Products,Dairy Products
Vindhya Telelink,517015,VINDHYATEL,Telecom - Services,Telecom - Infrastructure,Telecom - Services
CIAN Agro,519477,,Agricultural Food & other Products,Edible Oil,Edible Oil
Hind Rectifiers,504036,HIRECT,Industrial Manufacturing,Industrial Products,Industrial Products
Ambika Cotton,531978,AMBIKCO,Textiles & Apparels,Other Textile Products,Other Textile Products
Indo Tech.Trans.,532717,INDOTECH,Electrical Equipment,Heavy Electrical Equipment,Electrical Equipment
Anupam Rasayan,543275,ANURAS,Chemicals & Petrochemicals,Specialty Chemicals,Specialty Chemicals
Rane Holdings,505800,RANEHOLDIN,Finance,Holding Company,Finance
Dr Reddy's Labs,500124,DRREDDY,Pharmaceuticals & Biotechnology,Pharmaceuticals,Pharmaceuticals & Biotechnology
Godrej Consumer,532424,GODREJCP,Personal Products,Personal Care,Personal Products
Sasken Technol.,532663,SASKEN,IT - Services,IT Enabled Services,IT Enabled Services
Yasho Industries,541167,YASHO,Chemicals & Petrochemicals,Specialty Chemicals,Specialty Chemicals
Concord Biotech,543960,CONCORDBIO,Pharmaceuticals & Biotechnology,Pharmaceuticals,Pharmaceuticals & Biotechnology
Axis Bank,532215,AXISBANK,Banks,Private Sector Bank,Banks
Kesar India,543542,,Realty,"Residential, Commercial Projects",Realty
Midwest,544587,MIDWESTLTD,Consumer Durables,Granites & Marbles,Granites & Marbles
Torrent Power,532779,TORNTPOWER,Power,Integrated Power Utilities,Power
Pondy Oxides,532626,POCL,Diversified Metals,Diversified Metals,Diversified Metals
Havells India,517354,HAVELLS,Consumer Durables,Consumer Electronics,Consumer Electronics
Zen Technologies,533339,ZENTEC,Aerospace & Defense,Aerospace & Defense,Aerospace & Defense
A B Real Estate,500040,ABREL,"Paper, Forest & Jute Products",Paper & Paper Products,"Paper, Forest & Jute Products"
Nestle India,500790,NESTLEIND,Food Products,Packaged Foods,Packaged Foods
Network People,544396,NPST,IT - Services,IT Enabled Services,IT Enabled Services
Pix Transmission,500333,PIXTRANS,Industrial Products,Rubber,Rubber
Info Edg.(India),532777,NAUKRI,Retailing,Internet & Catalogue Retail,Internet & Catalogue Retail
C.E. Info System,543425,MAPMYINDIA,IT - Software,Software Products,Software Products
Adani Ports,532921,ADANIPORTS,Transport Infrastructure,Port & Port services,Transport Infrastructure
Zota Health Care,,ZOTA,Pharmaceuticals & Biotechnology,Pharmaceuticals,Pharmaceuticals & Biotechnology
Cipla,500087,CIPLA,Pharmaceuticals & Biotechnology,Pharmaceuticals,Pharmaceuticals & Biotechnology
Voltas,500575,VOLTAS,Consumer Durables,Household Appliances,Household Appliances
Accelya Solution,532268,ACCELYA,IT - Software,Computers - Software & Consulting,Computers - Software & Consulting
Jupiter Life Lin,543980,JLHL,Healthcare Services,Hospital,Hospital
C D S L,,CDSL,Capital Markets,"Depositories, Clearing Houses and Other Intermediaries",Capital Markets
Nuvama Wealth,543988,NUVAMA,Capital Markets,Stockbroking & Allied,Stockbroking & Allied
United Spirits,532432,UNITDSPR,Beverages,Breweries & Distilleries,Beverages
ICICI Bank,532174,ICICIBANK,Banks,Private Sector Bank,Banks
Bosch Home Comfort,523398,BOSCH-HCIL,Consumer Durables,Household Appliances,Household Appliances
IFB Industries,505726,IFBIND,Consumer Durables,Household Appliances,Household Appliances
Wockhardt,532300,WOCKPHARMA,Pharmaceuticals & Biotechnology,Pharmaceuticals,Pharmaceuticals & Biotechnology
R R Kabel,543981,RRKABEL,Industrial Products,Cables - Electricals,Cables - Electricals
D.P. Abhushan,544161,DPABHUSHAN,Consumer Durables,"Gems, Jewellery And Watches","Gems, Jewellery And Watches"
ADC India,523411,,Telecom -  Equipment & Accessories,Telecom -  Equipment & Accessories,Telecom -  Equipment & Accessories
Dr Lal Pathlabs,539524,LALPATHLAB,Healthcare Services,Healthcare Service Provider,Healthcare Service Provider
Lumax Auto Tech.,532796,LUMAXTECH,Auto Components,Auto Components & Equipments,Auto Components & Equipments
Hester Bios,524669,HESTERBIO,Pharmaceuticals & Biotechnology,Pharmaceuticals,Pharmaceuticals & Biotechnology
Morganite Crucib,523160,,Industrial Products,Electrodes & Refractories,Electrodes & Refractories
IFB Agro Inds.,507438,IFBAGRO,Beverages,Breweries & Distilleries,Beverages
Sobha,532784,SOBHA,Realty,"Residential, Commercial Projects",Realty
Astral,532830,ASTRAL,Industrial Products,Plastic Products - Industrial,Plastic Products - Industrial
Advait Energy,543230,ADVAIT,Industrial Products,Cables - Electricals,Cables - Electricals
ERIS Lifescience,540596,ERIS,Pharmaceuticals & Biotechnology,Pharmaceuticals,Pharmaceuticals & Biotechnology
Reliance Industr,500325,RELIANCE,Petroleum Products,Refineries & Marketing,Petroleum Products
Nilkamal Ltd,523385,NILKAMAL,Consumer Durables,Plastic Products - Consumer,Plastic Products - Consumer
Prestige Estates,533274,PRESTIGE,Realty,"Residential, Commercial Projects",Realty
Pearl Global Ind,532808,PGIL,Textiles & Apparels,Garments & Apparels,Garments & Apparels
Azad Engineering,544061,AZAD,Electrical Equipment,Heavy Electrical Equipment,Electrical Equipment
CreditAcc. Gram.,541770,CREDITACC,Finance,Microfinance Institutions,Finance
Aditya Infotech,544466,CPPLUS,Industrial Manufacturing,Industrial Products,Industrial Products
A.K.Capital Serv,530499,,Finance,Non Banking Financial Company (NBFC),Finance
LG Electronics,544576,LGEINDIA,Consumer Durables,Household Appliances,Household Appliances
Corona Remedies,544644,CORONA,Pharmaceuticals & Biotechnology,Pharmaceuticals,Pharmaceuticals & Biotechnology
Bharat Dynamics,541143,BDL,Aerospace & Defense,Aerospace & Defense,Aerospace & Defense
Bharat Forge,500493,BHARATFORG,Auto Components,Auto Components & Equipments,Auto Components & Equipments
U P Hotels,509960,,Leisure Services,Hotels & Resorts,Hotels & Resorts
Team Lease Serv.,539658,TEAMLEASE,Commercial Services & Supplies,Diversified Commercial Services,Diversified Commercial Services
Veedol Corporat,590005,VEEDOL,Petroleum Products,Lubricants,Petroleum Products
OneSource Speci.,544292,ONESOURCE,Pharmaceuticals & Biotechnology,Pharmaceuticals,Pharmaceuticals & Biotechnology
United Breweries,532478,UBL,Beverages,Breweries & Distilleries,Beverages
TBO Tek,544174,TBOTEK,Leisure Services,"Tour, Travel Related Services","Tour, Travel Related Services"
Pidilite Inds.,500331,PIDILITIND,Chemicals & Petrochemicals,Specialty Chemicals,Specialty Chemicals
Silver Touch,543525,SILVERTUC,IT - Software,Computers - Software & Consulting,Computers - Software & Consulting
Oberoi Realty,533273,OBEROIRLTY,Realty,"Residential, Commercial Projects",Realty
Ipca Labs.,524494,IPCALAB,Pharmaceuticals & Biotechnology,Pharmaceuticals,Pharmaceuticals & Biotechnology
Fredun Pharma,539730,,Pharmaceuticals & Biotechnology,Pharmaceuticals,Pharmaceuticals & Biotechnology
AAVAS Financiers,541988,AAVAS,Finance,Housing Finance Company,Finance
Venky's (India),523261,VENKEYS,Food Products,Meat Products including Poultry,Meat Products including Poultry
Cochin Shipyard,540678,COCHINSHIP,Industrial Manufacturing,Ship Building & Allied Services,Aerospace & Defense
Kirl. Brothers,500241,KIRLOSBROS,Industrial Products,"Compressors, Pumps & Diesel Engines","Compressors, Pumps & Diesel Engines"
Beta Drugs Ltd,,BETA,Pharmaceuticals & Biotechnology,Pharmaceuticals,Pharmaceuticals & Biotechnology
Jindal Photo,532624,JINDALPHOT,Finance,Investment Company,Finance
Voith Paper,522122,,Textiles & Apparels,Other Textile Products,Other Textile Products
Vinati Organics,524200,VINATIORGA,Chemicals & Petrochemicals,Specialty Chemicals,Specialty Chemicals
NGL Fine Chem,524774,NGLFINE,Pharmaceuticals & Biotechnology,Pharmaceuticals,Pharmaceuticals & Biotechnology
Emcure Pharma,544210,EMCURE,Pharmaceuticals & Biotechnology,Pharmaceuticals,Pharmaceuticals & Biotechnology
Godrej Propert.,533150,GODREJPROP,Realty,"Residential, Commercial Projects",Realty
Grindwell Norton,506076,GRINDWELL,Industrial Products,Abrasives & Bearings,Abrasives & Bearings
Gravita India,533282,GRAVITA,Minerals & Mining,Industrial Minerals,Minerals & Mining
Tata Comm,500483,TATACOMM,Telecom - Services,Telecom - Cellular & Fixed line services,Telecom - Services
Alkyl Amines,506767,ALKYLAMINE,Chemicals & Petrochemicals,Specialty Chemicals,Specialty Chemicals
Deepak Nitrite,506401,DEEPAKNTR,Chemicals & Petrochemicals,Specialty Chemicals,Specialty Chemicals
Bharat Rasayan,590021,BHARATRAS,Fertilizers & Agrochemicals,Pesticides & Agrochemicals,Pesticides & Agrochemicals
CARE Ratings,534804,CARERATING,Capital Markets,Ratings,Capital Markets
SJS Enterprises,543387,SJS,Auto Components,Auto Components & Equipments,Auto Components & Equipments
Affle 3i,542752,AFFLE,IT - Services,IT Enabled Services,IT Enabled Services
Knowledge Marine,543273,KMEW,Engineering Services,Dredging,Engineering Services
Eimco Elecon(I),523708,EIMCOELECO,Industrial Manufacturing,Industrial Products,Industrial Products
GRP,509152,GRPLTD,Industrial Products,Rubber,Rubber
Poly Medicure,531768,POLYMED,Healthcare Equipment & Supplies,Medical Equipment & Supplies,Healthcare Equipment & Supplies
Cigniti Tech.,534758,CIGNITITEC,IT - Services,IT Enabled Services,IT Enabled Services
Max Financial,500271,MFSL,Insurance,Life Insurance,Insurance
Arman Financial,531179,ARMANFIN,Finance,Non Banking Financial Company (NBFC),Finance
Bharti Hexacom,544162,BHARTIHEXA,Telecom - Services,Telecom - Cellular & Fixed line services,Telecom - Services
BirlaNu Ltd,509675,BIRLANU,Consumer Durables,"Furniture, Home Furnishing","Furniture, Home Furnishing"
Chola Financial,504973,CHOLAHLDNG,Finance,Investment Company,Finance
National Standar,504882,,Realty,"Residential, Commercial Projects",Realty
GKW,,GKWLIMITED,Finance,Investment Company,Finance
Oriana Power Ltd,,ORIANA,Electrical Equipment,Other Electrical Equipment,Electrical Equipment
Sun Pharma.Inds.,524715,SUNPHARMA,Pharmaceuticals & Biotechnology,Pharmaceuticals,Pharmaceuticals & Biotechnology
Coforge,532541,COFORGE,IT - Software,Computers - Software & Consulting,Computers - Software & Consulting
3B Blackbio,532067,,Healthcare Services,Healthcare Service Provider,Healthcare Service Provider
Cholaman.Inv.&Fn,511243,CHOLAFIN,Finance,Non Banking Financial Company (NBFC),Finance
BEML Ltd,500048,BEML,"Agricultural, Commercial & Construction Vehicles",Construction Vehicles,Railways
Inventurus Knowl,544309,IKS,IT - Services,IT Enabled Services,IT Enabled Services
Acutaas Chemical,543349,ACUTAAS,Pharmaceuticals & Biotechnology,Pharmaceuticals,Pharmaceuticals & Biotechnology
Synthiko Foils,513307,,Industrial Products,"Aluminium, Copper & Zinc Products","Aluminium, Copper & Zinc Products"
Sansera Enginee.,543358,SANSERA,Auto Components,Auto Components & Equipments,Auto Components & Equipments
ACC,500410,ACC,Cement & Cement Products,Cement & Cement Products,Cement & Cement Products
Infosys,500209,INFY,IT - Software,Computers - Software & Consulting,Computers - Software & Consulting
PB Fintech.,543390,POLICYBZR,Financial Technology (Fintech),Financial Technology (Fintech),Financial Technology (Fintech)
Auto.Corp.of Goa,505036,,Auto Components,Auto Components & Equipments,Auto Components & Equipments
Summit Securitie,533306,SUMMITSEC,Finance,Investment Company,Finance
Gland Pharma,543245,GLAND,Pharmaceuticals & Biotechnology,Pharmaceuticals,Pharmaceuticals & Biotechnology
Blue Star,500067,BLUESTARCO,Consumer Durables,Household Appliances,Household Appliances
Tech Mahindra,532755,TECHM,IT - Software,Computers - Software & Consulting,Computers - Software & Consulting
HCL Technologies,532281,HCLTECH,IT - Software,Computers - Software & Consulting,Computers - Software & Consulting
Caplin Point Lab,524742,CAPLIPOINT,Pharmaceuticals & Biotechnology,Pharmaceuticals,Pharmaceuticals & Biotechnology
Phoenix Mills,503100,PHOENIXLTD,Realty,"Residential, Commercial Projects",Realty
L G Balakrishnan,500250,LGBBROSLTD,Auto Components,Auto Components & Equipments,Auto Components & Equipments
The Bombay Burmah,501425,BBTC,Food Products,Packaged Foods,Packaged Foods
SKF India,500472,SKFINDIA,Industrial Products,Abrasives & Bearings,Abrasives & Bearings
Tega Inds.,543413,TEGA,Industrial Manufacturing,Industrial Products,Industrial Products
Foce India,,FOCE,Consumer Durables,"Gems, Jewellery And Watches","Gems, Jewellery And Watches"
Narayana Hrudaya,539551,NH,Healthcare Services,Hospital,Hospital
Swan Defence,533107,SWANDEF,Industrial Manufacturing,Ship Building & Allied Services,Aerospace & Defense
Thejo Engg.,,THEJO,Industrial Manufacturing,Industrial Products,Industrial Products
Piramal Finance.,544597,PIRAMALFIN,Finance,Housing Finance Company,Finance
ICICI Lombard,540716,ICICIGI,Insurance,General Insurance,Insurance
MPS,532440,MPSLTD,Other Consumer Services,E-Learning,Other Consumer Services
Metropolis Healt,542650,METROPOLIS,Healthcare Services,Healthcare Service Provider,Healthcare Service Provider
The Anup Enginee,542460,ANUP,Industrial Manufacturing,Industrial Products,Industrial Products
V2 Retail,532867,V2RETAIL,Retailing,Speciality Retail,Speciality Retail
J B Chemicals &,506943,JBCHEPHARM,Pharmaceuticals & Biotechnology,Pharmaceuticals,Pharmaceuticals & Biotechnology
Adani Enterp.,512599,ADANIENT,Metals & Minerals Trading,Trading - Minerals,Metals & Minerals Trading
Shaily Engineer.,501423,SHAILY,Industrial Products,Plastic Products - Industrial,Plastic Products - Industrial
Galaxy Surfact.,540935,GALAXYSURF,Chemicals & Petrochemicals,Specialty Chemicals,Specialty Chemicals
Sar Auto Prod.,538992,,Auto Components,Auto Components & Equipments,Auto Components & Equipments
Automotive Axles,505010,AUTOAXLES,Auto Components,Auto Components & Equipments,Auto Components & Equipments
Styrenix Perfor.,506222,STYRENIX,Chemicals & Petrochemicals,Specialty Chemicals,Specialty Chemicals
Bajaj Finserv,532978,BAJAJFINSV,Finance,Holding Company,Finance
Jubilant Agri,544355,JUBLCPL,Chemicals & Petrochemicals,Specialty Chemicals,Specialty Chemicals
Kennametal India,505890,KENNAMET,Industrial Manufacturing,Industrial Products,Industrial Products
Interarch Build.,544232,INTERARCH,Construction,Civil Construction,Construction
Glenmark Pharma.,532296,GLENMARK,Pharmaceuticals & Biotechnology,Pharmaceuticals,Pharmaceuticals & Biotechnology
Safari Inds.,523025,SAFARI,Consumer Durables,Plastic Products - Consumer,Plastic Products - Consumer
Bharti Airtel,532454,BHARTIARTL,Telecom - Services,Telecom - Cellular & Fixed line services,Telecom - Services
Power Mech Proj.,539302,POWERMECH,Construction,Civil Construction,Construction
Technocraf.Inds.,532804,TIIL,Industrial Products,Iron & Steel Products,Iron & Steel Products
Godfrey Phillips,500163,GODFRYPHLP,Cigarettes & Tobacco Products,Cigarettes & Tobacco Products,Cigarettes & Tobacco Products
APL Apollo Tubes,533758,APLAPOLLO,Industrial Products,Iron & Steel Products,Iron & Steel Products
SBI Life Insuran,540719,SBILIFE,Insurance,Life Insurance,Insurance
Ratnamani Metals,520111,RATNAMANI,Industrial Products,Iron & Steel Products,Iron & Steel Products
Mastek,523704,MASTEK,IT - Software,Computers - Software & Consulting,Computers - Software & Consulting
Sri Adhik. Bros.,530943,SABTNL,Entertainment,TV Broadcasting & Software Production,Entertainment
Honda India,522064,HONDAPOWER,Industrial Manufacturing,Industrial Products,Industrial Products
E2E Networks,,E2E,IT - Services,IT Enabled Services,IT Enabled Services
Dalmia BharatLtd,542216,DALBHARAT,Cement & Cement Products,Cement & Cement Products,Cement & Cement Products
Mankind Pharma,543904,MANKIND,Pharmaceuticals & Biotechnology,Pharmaceuticals,Pharmaceuticals & Biotechnology
KDDL Ltd,532054,KDDL,Consumer Durables,"Gems, Jewellery And Watches","Gems, Jewellery And Watches"
Siemens Ener.Ind,544390,ENRIN,Electrical Equipment,Heavy Electrical Equipment,Electrical Equipment
RPG LifeScience.,532983,RPGLIFE,Pharmaceuticals & Biotechnology,Pharmaceuticals,Pharmaceuticals & Biotechnology
Lupin,500257,LUPIN,Pharmaceuticals & Biotechnology,Pharmaceuticals,Pharmaceuticals & Biotechnology
Fiem Industries,532768,FIEMIND,Auto Components,Auto Components & Equipments,Auto Components & Equipments
NBI Indl. Fin.,,NBIFIN,Finance,Non Banking Financial Company (NBFC),Finance
Colgate-Palmoliv,500830,COLPAL,Personal Products,Personal Care,Personal Products
Stylam Industrie,526951,STYLAMIND,Consumer Durables,Plywood Boards/ Laminates,Plywood Boards/ Laminates
Data Pattern,543428,DATAPATTNS,Aerospace & Defense,Aerospace & Defense,Aerospace & Defense
Indiamart Inter.,542726,INDIAMART,Retailing,Internet & Catalogue Retail,Internet & Catalogue Retail
Centum Electron,517544,CENTUM,Industrial Manufacturing,Industrial Products,Industrial Products
Tube Investments,540762,TIINDIA,Auto Components,Auto Components & Equipments,Auto Components & Equipments
Garden Reach Sh.,542011,GRSE,Aerospace & Defense,Aerospace & Defense,Aerospace & Defense
Coromandel Inter,506395,COROMANDEL,Fertilizers & Agrochemicals,Fertilizers,Fertilizers
Prudent Corp.,543527,PRUDENT,Capital Markets,Financial Products Distributor,Capital Markets
Hyundai Motor I,544274,HYUNDAI,Automobiles,Passenger Cars & Utility Vehicles,Automobiles
Multi Comm. Exc.,534091,MCX,Capital Markets,Exchange and Data Platform,Capital Markets
Mazagon Dock,543237,MAZDOCK,Industrial Manufacturing,Ship Building & Allied Services,Aerospace & Defense
Glaxosmi. Pharma,500660,GLAXO,Pharmaceuticals & Biotechnology,Pharmaceuticals,Pharmaceuticals & Biotechnology
Endurance Tech.,540153,ENDURANCE,Auto Components,Auto Components & Equipments,Auto Components & Equipments
DOMS Industries,544045,DOMS,Household Products,Stationary,Household Products
MTAR Technologie,543270,MTARTECH,Aerospace & Defense,Aerospace & Defense,Aerospace & Defense
Balkrishna Inds,502355,BALKRISIND,Auto Components,Tyres & Rubber Products,Tyres & Rubber Products
Hind. Unilever,500696,HINDUNILVR,Diversified FMCG,Diversified FMCG,Diversified FMCG
HDFC AMC,541729,HDFCAMC,Capital Markets,Asset Management Company,Capital Markets
Bharat Bijlee,503960,BBL,Electrical Equipment,Other Electrical Equipment,Electrical Equipment
Cartrade Tech,543333,CARTRADE,Retailing,E-Retail/ E-Commerce,E-Retail/ E-Commerce
Ethos,543532,ETHOSLTD,Consumer Durables,"Gems, Jewellery And Watches","Gems, Jewellery And Watches"
Concord Control,543619,,Industrial Manufacturing,Industrial Products,Industrial Products
Angel One,543235,ANGELONE,Capital Markets,Stockbroking & Allied,Stockbroking & Allied
Waaree Energies,544277,WAAREEENER,Electrical Equipment,Other Electrical Equipment,Electrical Equipment
SKF India Indus.,544572,SKFINDUS,Industrial Products,Abrasives & Bearings,Abrasives & Bearings
TCPL Packaging,523301,TCPLPACK,Industrial Products,Packaging,Packaging
BSE,,BSE,Capital Markets,Exchange and Data Platform,Capital Markets
Ajanta Pharma,532331,AJANTPHARM,Pharmaceuticals & Biotechnology,Pharmaceuticals,Pharmaceuticals & Biotechnology
Shriram Pistons,544344,SHRIPISTON,Auto Components,Auto Components & Equipments,Auto Components & Equipments
Asian Paints,500820,ASIANPAINT,Consumer Durables,Paints,Paints
GE Vernova T&D,522275,GVT&D,Electrical Equipment,Heavy Electrical Equipment,Electrical Equipment
SRF,503806,SRF,Chemicals & Petrochemicals,Commodity Chemicals,Commodity Chemicals
Privi Speci.,530117,PRIVISCL,Chemicals & Petrochemicals,Specialty Chemicals,Specialty Chemicals
Kama Holdings,532468,,Finance,Holding Company,Finance
Mphasis,526299,MPHASIS,IT - Software,Computers - Software & Consulting,Computers - Software & Consulting
Grasim Inds,500300,GRASIM,Cement & Cement Products,Cement & Cement Products,Cement & Cement Products
ICICI AMC,544658,ICICIAMC,Capital Markets,Asset Management Company,Capital Markets
TAAL Tech,539956,,Transport Services,Airline,Airline
ASM Technologies,526433,,IT - Software,Computers - Software & Consulting,Computers - Software & Consulting
Siemens,500550,SIEMENS,Electrical Equipment,Heavy Electrical Equipment,Electrical Equipment
Thermax,500411,THERMAX,Electrical Equipment,Heavy Electrical Equipment,Electrical Equipment
Garware Hi Tech,500655,GRWRHITECH,Industrial Products,Plastic Products - Industrial,Plastic Products - Industrial
Akzo Nobel,500710,AKZOINDIA,Consumer Durables,Paints,Paints
Shilchar Tech.,531201,SHILCTECH,Electrical Equipment,Other Electrical Equipment,Electrical Equipment
Anand Rathi Wea.,543415,ANANDRATHI,Capital Markets,Financial Products Distributor,Capital Markets
Radico Khaitan,532497,RADICO,Beverages,Breweries & Distilleries,Beverages
Uni Abex Alloy,504605,,Industrial Products,Iron & Steel Products,Iron & Steel Products
Timken India,522113,TIMKEN,Industrial Products,Abrasives & Bearings,Abrasives & Bearings
Netweb Technol.,543945,NETWEB,IT - Services,IT Enabled Services,IT Enabled Services
City Pulse Multi,542727,,Retailing,Speciality Retail,Speciality Retail
Gujarat Fluoroch,542812,FLUOROCHEM,Chemicals & Petrochemicals,Specialty Chemicals,Specialty Chemicals
Kirloskar Indus.,500243,KIRLOSIND,Industrial Products,Other Industrial Products,Other Industrial Products
Ingersoll-Rand,500210,INGERRAND,Industrial Products,"Compressors, Pumps & Diesel Engines","Compressors, Pumps & Diesel Engines"
Vardhman Hold.,500439,VHL,Finance,Investment Company,Finance
TCS,532540,TCS,IT - Software,Computers - Software & Consulting,Computers - Software & Consulting
P I Industries,523642,PIIND,Fertilizers & Agrochemicals,Pesticides & Agrochemicals,Pesticides & Agrochemicals
Kaynes Tech,543664,KAYNES,Industrial Manufacturing,Industrial Products,Industrial Products
Swaraj Engines,500407,SWARAJENG,Industrial Products,"Compressors, Pumps & Diesel Engines","Compressors, Pumps & Diesel Engines"
Supreme Inds.,509930,SUPREMEIND,Industrial Products,Plastic Products - Industrial,Plastic Products - Industrial
Escorts Kubota,500495,ESCORTS,"Agricultural, Commercial & Construction Vehicles",Tractors,"Agricultural, Commercial & Construction Vehicles"
M & M,500520,M&M,Automobiles,Passenger Cars & Utility Vehicles,Automobiles
TVS Motor Co.,532343,TVSMOTOR,Automobiles,2/3 Wheelers,Automobiles
Thangamayil Jew.,533158,THANGAMAYL,Consumer Durables,"Gems, Jewellery And Watches","Gems, Jewellery And Watches"
Bannari Amm.Sug.,500041,BANARISUG,Agricultural Food & other Products,Sugar,Sugar
Schaeffler India,505790,SCHAEFFLER,Auto Components,Auto Components & Equipments,Auto Components & Equipments
BASF India,500042,BASF,Chemicals & Petrochemicals,Specialty Chemicals,Specialty Chemicals
Avenue Super.,540376,DMART,Retailing,Diversified Retail,Diversified Retail
SML Mahindra,505192,SMLMAH,"Agricultural, Commercial & Construction Vehicles",Commercial Vehicles,"Agricultural, Commercial & Construction Vehicles"
CEAT,500878,CEATLTD,Auto Components,Tyres & Rubber Products,Tyres & Rubber Products
AIA Engineering,532683,AIAENG,Industrial Products,Castings & Forgings,Castings & Forgings
Larsen & Toubro,500510,LT,Construction,Civil Construction,Construction
Trent,500251,TRENT,Retailing,Speciality Retail,Speciality Retail
Tanfac Inds.,506854,,Chemicals & Petrochemicals,Commodity Chemicals,Commodity Chemicals
Muthoot Finance,533398,MUTHOOTFIN,Finance,Non Banking Financial Company (NBFC),Finance
KEI Industries,517569,KEI,Industrial Products,Cables - Electricals,Cables - Electricals
L&T Technology,540115,LTTS,IT - Services,IT Enabled Services,IT Enabled Services
TVS Srichakra,509243,TVSSRICHAK,Auto Components,Tyres & Rubber Products,Tyres & Rubber Products
Fine Organic,541557,FINEORG,Chemicals & Petrochemicals,Specialty Chemicals,Specialty Chemicals
Kingfa Science,524019,KINGFA,Industrial Products,Plastic Products - Industrial,Plastic Products - Industrial
Cummins India,500480,CUMMINSIND,Industrial Products,"Compressors, Pumps & Diesel Engines","Compressors, Pumps & Diesel Engines"
Torrent Pharma.,500420,TORNTPHARM,Pharmaceuticals & Biotechnology,Pharmaceuticals,Pharmaceuticals & Biotechnology
Titan Company,500114,TITAN,Consumer Durables,"Gems, Jewellery And Watches","Gems, Jewellery And Watches"
Vadilal Inds.,519156,VADILALIND,Food Products,Dairy Products,Dairy Products
Sanofi India,500674,SANOFI,Pharmaceuticals & Biotechnology,Pharmaceuticals,Pharmaceuticals & Biotechnology
Sanofi Consumer,544250,SANOFICONR,Pharmaceuticals & Biotechnology,Pharmaceuticals,Pharmaceuticals & Biotechnology
Hind.Aeronautics,541154,HAL,Aerospace & Defense,Aerospace & Defense,Aerospace & Defense
eClerx Services,532927,ECLERX,Commercial Services & Supplies,Business Process Outsourcing (BPO)/ Knowledge Process Outsourcing (KPO),Business Process Outsourcing (BPO)/ Knowledge Process Outsourcing (KPO)
Orissa Minerals,590086,ORISSAMINE,Minerals & Mining,Industrial Minerals,Minerals & Mining
Frontier Springs,522195,,Auto Components,Auto Components & Equipments,Auto Components & Equipments
Bayer Crop Sci.,506285,BAYERCROP,Fertilizers & Agrochemicals,Pesticides & Agrochemicals,Pesticides & Agrochemicals
CRISIL,500092,CRISIL,Finance,Other Financial Services,Finance
Foseco India,500150,FOSECOIND,Chemicals & Petrochemicals,Specialty Chemicals,Specialty Chemicals
Pilani Invest.,539883,PILANIINVS,Finance,Holding Company,Finance
Midwest Gold,526570,,Other Construction Materials,Other Construction Materials,Other Construction Materials
Pfizer,500680,PFIZER,Pharmaceuticals & Biotechnology,Pharmaceuticals,Pharmaceuticals & Biotechnology
Lumax Industries,517206,LUMAXIND,Auto Components,Auto Components & Equipments,Auto Components & Equipments
A B B,500002,ABB,Electrical Equipment,Heavy Electrical Equipment,Electrical Equipment
Interglobe Aviat,539448,INDIGO,Transport Services,Airline,Airline
Kalyani Invest.,533302,KICL,Finance,Investment Company,Finance
Dr Agarwal's Eye,526783,,Healthcare Services,Hospital,Hospital
Cera Sanitary.,532443,CERA,Consumer Durables,Sanitary Ware,Sanitary Ware
John Cockerill,500147,,Industrial Manufacturing,Industrial Products,Industrial Products
Sundaram Finance,590071,SUNDARMFIN,Finance,Non Banking Financial Company (NBFC),Finance
Indl.& Prud.Inv.,501298,,Finance,Investment Company,Finance
Blue Dart Expres,526612,BLUEDART,Transport Services,Logistics Solution Provider,Logistics Solution Provider
Kovai Medical,523323,KOVAI,Healthcare Services,Hospital,Hospital
Hero Motocorp,500182,HEROMOTOCO,Automobiles,2/3 Wheelers,Automobiles
P & G Health Ltd,500126,PGHL,Pharmaceuticals & Biotechnology,Pharmaceuticals,Pharmaceuticals & Biotechnology
Tata Elxsi,500408,TATAELXSI,IT - Software,Computers - Software & Consulting,Computers - Software & Consulting
VST Till. Tract.,531266,VSTTILLERS,"Agricultural, Commercial & Construction Vehicles",Tractors,"Agricultural, Commercial & Construction Vehicles"
Esab India,500133,ESABINDIA,Industrial Products,Other Industrial Products,Other Industrial Products
J K Cements,532644,JKCEMENT,Cement & Cement Products,Cement & Cement Products,Cement & Cement Products
Amber Enterp.,540902,AMBER,Consumer Durables,Household Appliances,Household Appliances
Alkem Lab,539523,ALKEM,Pharmaceuticals & Biotechnology,Pharmaceuticals,Pharmaceuticals & Biotechnology
Nalwa Sons Invst,532256,NSIL,Finance,Investment Company,Finance
Atul,500027,ATUL,Chemicals & Petrochemicals,Specialty Chemicals,Specialty Chemicals
Britannia Inds.,500825,BRITANNIA,Food Products,Packaged Foods,Packaged Foods
Linde India,523457,LINDEINDIA,Chemicals & Petrochemicals,Industrial Gases,Industrial Gases
LTIMindtree,540005,LTIM,IT - Software,Computers - Software & Consulting,Computers - Software & Consulting
Navin Fluo.Intl.,532504,NAVINFLUOR,Chemicals & Petrochemicals,Specialty Chemicals,Specialty Chemicals
ICRA,532835,ICRA,Capital Markets,Ratings,Capital Markets
Technvision Ven.,501421,,IT - Software,Software Products,Software Products
Divi's Lab.,532488,DIVISLAB,Pharmaceuticals & Biotechnology,Pharmaceuticals,Pharmaceuticals & Biotechnology
Persistent Systems,533179,PERSISTENT,IT - Software,Computers - Software & Consulting,Computers - Software & Consulting
Bengal & Assam,533095,,Finance,Non Banking Financial Company (NBFC),Finance
Wendt India,505412,WENDT,Industrial Products,Abrasives & Bearings,Abrasives & Bearings
Polycab India,542652,POLYCAB,Industrial Products,Cables - Electricals,Cables - Electricals
Apollo Hospitals,508869,APOLLOHOSP,Healthcare Services,Hospital,Hospital
Volt.Transform.,532757,VOLTAMP,Electrical Equipment,Heavy Electrical Equipment,Electrical Equipment
Eicher Motors,505200,EICHERMOT,Automobiles,2/3 Wheelers,Automobiles
Tasty Bite Eat.,519091,TASTYBITE,Food Products,Packaged Foods,Packaged Foods
Apar Inds.,532259,APARINDS,Electrical Equipment,Other Electrical Equipment,Electrical Equipment
Craftsman Auto,543276,CRAFTSMAN,Auto Components,Auto Components & Equipments,Auto Components & Equipments
Lakshmi Mills,502958,,Textiles & Apparels,Other Textile Products,Other Textile Products
Hawkins Cookers,508486,,Consumer Durables,Houseware,Houseware
Dynamatic Tech.,505242,DYNAMATECH,Industrial Manufacturing,Industrial Products,Industrial Products
Oracle Fin.Serv.,532466,OFSS,IT - Software,Software Products,Software Products
Gillette India,507815,GILLETTE,Personal Products,Personal Care,Personal Products
Astrazeneca Phar,506820,ASTRAZEN,Pharmaceuticals & Biotechnology,Pharmaceuticals,Pharmaceuticals & Biotechnology
Elantas Beck,500123,,Chemicals & Petrochemicals,Specialty Chemicals,Specialty Chemicals
Bajaj Auto,532977,BAJAJ-AUTO,Automobiles,2/3 Wheelers,Automobiles
Benares Hotels,509438,,Leisure Services,Hotels & Resorts,Hotels & Resorts
Vadilal Enterp.,519152,,Food Products,Dairy Products,Dairy Products
Dixon Technolog.,540699,DIXON,Consumer Durables,Consumer Electronics,Consumer Electronics
RRPSemiconductor,504346,,Finance,Other Financial Services,Finance
Bajaj Holdings,500490,BAJAJHLDNG,Finance,Holding Company,Finance
Disa India,500068,,Industrial Manufacturing,Industrial Products,Industrial Products
P & G Hygiene,500459,PGHH,Personal Products,Personal Care,Personal Products
UltraTech Cem.,532538,ULTRACEMCO,Cement & Cement Products,Cement & Cement Products,Cement & Cement Products
Saraswati Commer,512020,,Finance,Non Banking Financial Company (NBFC),Finance
Solar Industries,532725,SOLARINDS,Chemicals & Petrochemicals,Explosives,Explosives
Mah. Scooters,500266,MAHSCOOTER,Finance,Investment Company,Finance
Neuland Labs.,524558,NEULANDLAB,Pharmaceuticals & Biotechnology,Pharmaceuticals,Pharmaceuticals & Biotechnology
TVS Holdings,520056,TVSHLTD,Finance,Investment Company,Finance
ZF Commercial,533023,ZFCVINDIA,Auto Components,Auto Components & Equipments,Auto Components & Equipments
LMW,500252,LMW,Industrial Manufacturing,Industrial Products,Industrial Products
Maruti Suzuki,532500,MARUTI,Automobiles,Passenger Cars & Utility Vehicles,Automobiles
Hitachi Energy,543187,POWERINDIA,Electrical Equipment,Heavy Electrical Equipment,Electrical Equipment
JSW Holdings,532642,JSWHL,Finance,Investment Company,Finance
PTC Industries,539006,PTCIL,Industrial Products,Other Industrial Products,Other Industrial Products
Force Motors,500033,FORCEMOT,Automobiles,Passenger Cars & Utility Vehicles,Automobiles
Yamuna Syndicate,540980,,Commercial Services & Supplies,Trading & Distributors,Trading & Distributors
Shree Cement,500387,SHREECEM,Cement & Cement Products,Cement & Cement Products,Cement & Cement Products
Abbott India,500488,ABBOTINDIA,Pharmaceuticals & Biotechnology,Pharmaceuticals,Pharmaceuticals & Biotechnology
Honeywell Auto,517174,HONAUT,Industrial Manufacturing,Industrial Products,Industrial Products
Page Industries,532827,PAGEIND,Textiles & Apparels,Garments & Apparels,Garments & Apparels
3M India,523395,3MINDIA,Diversified,Diversified,Diversified
Bosch,500530,BOSCHLTD,Auto Components,Auto Components & Equipments,Auto Components & Equipments
Elcid Investment,503681,,Finance,Investment Company,Finance
MRF,500290,MRF,Auto Components,Tyres & Rubber Products,Tyres & Rubber Products
