,company_name,bse_code,Industry,Sector
0,20 Microns,533022,Minerals & Mining,Industrial Minerals
1,360 ONE,542772,Capital Markets,Stockbroking & Allied
2,3B Blackbio,532067,Healthcare Services,Healthcare Service Provider
3,3i Infotech,532628,IT - Software,Computers - Software & Consulting
4,3M India,523395,Diversified,Diversified
5,5paisa Capital,540776,Capital Markets,Stockbroking & Allied
6,63 Moons Tech.,526881,IT - Software,Computers - Software & Consulting
7,A B B,500002,Electrical Equipment,Heavy Electrical Equipment
8,A B Infrabuild,544281,Construction,Civil Construction
9,A B Lifestyle,544403,Retailing,Speciality Retail
10,A B Real Estate,500040,"Paper, Forest & Jute Products",Paper & Paper Products
11,A-1,542012,Chemicals & Petrochemicals,Trading - Chemicals
12,A.K.Capital Serv,530499,Finance,Non Banking Financial Company (NBFC)
13,Aadhar Hsg. Fin.,544176,Finance,Housing Finance Company
14,Aaron Industries,,Industrial Manufacturing,Industrial Products
15,Aarti Drugs,524348,Pharmaceuticals & Biotechnology,Pharmaceuticals
16,Aarti Industries,524208,Chemicals & Petrochemicals,Specialty Chemicals
17,Aarti Pharma,543748,Pharmaceuticals & Biotechnology,Pharmaceuticals
18,Aarti Surfactant,543210,Chemicals & Petrochemicals,Specialty Chemicals
19,AAVAS Financiers,541988,Finance,Housing Finance Company
20,Aayush Art,540718,Textiles & Apparels,Other Textile Products
21,AB Cotspin,544522,Textiles & Apparels,Other Textile Products
22,Abans Financial,543712,Finance,Holding Company
23,Abbott India,500488,Pharmaceuticals & Biotechnology,Pharmaceuticals
24,ABM Knowledge,531161,IT - Software,Software Products
25,ABS Marine,,Transport Services,Shipping
26,ACC,500410,Cement & Cement Products,Cement & Cement Products
27,Accelya Solution,532268,IT - Software,Computers - Software & Consulting
28,Accent Microcell,,Pharmaceuticals & Biotechnology,Pharmaceuticals
29,Ace Soft. Exp.,531525,IT - Software,Software Products
30,ACME Solar Hold.,544283,Power,Power Generation
31,ACS Tech,530745,IT - Services,IT Enabled Services
32,Action Const.Eq.,532762,"Agricultural, Commercial & Construction Vehicles",Construction Vehicles
33,Active Infra.,,Realty,"Residential, Commercial Projects"
34,Acutaas Chemical,543349,Pharmaceuticals & Biotechnology,Pharmaceuticals
35,Adani Energy Sol,539254,Power,Power Distribution
36,Adani Enterp.,512599,Metals & Minerals Trading,Trading - Minerals
37,Adani Green,541450,Power,Power Generation
38,Adani Ports,532921,Transport Infrastructure,Port & Port services
39,Adani Power,533096,Power,Integrated Power Utilities
40,Adani Total Gas,542066,Gas,LPG/CNG/PNG/LNG Supplier
41,ADC India,523411,Telecom -  Equipment & Accessories,Telecom -  Equipment & Accessories
42,Adcounty Media.,544435,Media,Web based media and service
43,ADF Foods,519183,Food Products,Packaged Foods
44,Adit.Birla Money,532974,Capital Markets,Stockbroking & Allied
45,Aditya AMC,543374,Capital Markets,Asset Management Company
46,Aditya Bir. Fas.,535755,Retailing,Speciality Retail
47,Aditya Birla Cap,540691,Finance,Investment Company
48,Aditya Infotech,544466,Industrial Manufacturing,Industrial Products
49,Aditya Vision,540205,Retailing,Speciality Retail
50,Ador Welding,517041,Industrial Products,Other Industrial Products
51,Advait Energy,543230,Industrial Products,Cables - Electricals
52,Advance Agrolife,544562,Fertilizers & Agrochemicals,Pesticides & Agrochemicals
53,Advanced Enzyme,540025,Pharmaceuticals & Biotechnology,Biotechnology
54,Advani Hotels.,523269,Leisure Services,Hotels & Resorts
55,Advent Hotels,544446,Leisure Services,Hotels & Resorts
56,Aegis Logistics,500003,Gas,Trading - Gas
57,Aegis Vopak Term,544407,Oil,Oil Storage & Transportation
58,Aelea Commoditi.,544213,Agricultural Food & other Products,Other Agricultural Products
59,Aequs,544634,Aerospace & Defense,Aerospace & Defense
60,Aeroflex,543972,Industrial Products,Iron & Steel Products
61,Aeroflex Enter.,511076,Industrial Products,Iron & Steel Products
62,Aerpace Indus,534733,Industrial Products,Iron & Steel Products
63,Aether Industri.,543534,Chemicals & Petrochemicals,Specialty Chemicals
64,Afcom Holdings,544224,Transport Services,Logistics Solution Provider
65,Afcons Infrastr.,544280,Construction,Civil Construction
66,Affle 3i,542752,IT - Services,IT Enabled Services
67,Agarwal Indl.,531921,Chemicals & Petrochemicals,Petrochemicals
68,AGI Greenpac,500187,Industrial Products,Packaging
69,AGI Infra,539042,Realty,"Residential, Commercial Projects"
70,Agribio Spirits,539546,Beverages,Breweries & Distilleries
71,Ahluwalia Contr.,532811,Construction,Civil Construction
72,Ahm. Steelcraft,522273,Industrial Products,Iron & Steel Products
73,AIA Engineering,532683,Industrial Products,Castings & Forgings
74,Aimtron,,Industrial Manufacturing,Industrial Products
75,Airfloa Rail,544516,Industrial Manufacturing,Industrial Products
76,Ajanta Pharma,532331,Pharmaceuticals & Biotechnology,Pharmaceuticals
77,Ajax Engineering,544356,"Agricultural, Commercial & Construction Vehicles",Construction Vehicles
78,Ajmera Realty,513349,Realty,"Residential, Commercial Projects"
79,Akums Drugs,544222,Pharmaceuticals & Biotechnology,Pharmaceuticals
80,Akzo Nobel,500710,Consumer Durables,Paints
81,Alankit,531082,Commercial Services & Supplies,Diversified Commercial Services
82,Albert David,524075,Pharmaceuticals & Biotechnology,Pharmaceuticals
83,Alembic,506235,Realty,"Residential, Commercial Projects"
84,Alembic Pharma,533573,Pharmaceuticals & Biotechnology,Pharmaceuticals
85,Algoquant Fin,505725,Finance,Other Financial Services
86,Alicon Cast.,531147,Auto Components,Auto Components & Equipments
87,Alivus Life,543322,Pharmaceuticals & Biotechnology,Pharmaceuticals
88,Alkem Lab,539523,Pharmaceuticals & Biotechnology,Pharmaceuticals
89,Alkyl Amines,506767,Chemicals & Petrochemicals,Specialty Chemicals
90,All E Tech,,IT - Software,Computers - Software & Consulting
91,All Time Plastic,544479,Consumer Durables,Houseware
92,Allcargo Logist.,532749,Transport Services,Logistics Solution Provider
93,Allcargo Termi,543954,Transport Infrastructure,Port & Port services
94,Alldigi Tech,532633,Commercial Services & Supplies,Business Process Outsourcing (BPO)/ Knowledge Process Outsourcing (KPO)
95,Allied Blenders,544203,Beverages,Breweries & Distilleries
96,Allied Digital,532875,IT - Services,IT Enabled Services
97,Almondz Global,531400,Capital Markets,Stockbroking & Allied
98,Alok Industries,521070,Textiles & Apparels,Other Textile Products
99,Alpex Solar,,Electrical Equipment,Other Electrical Equipment
100,Alphalogic Tech.,542770,IT - Software,Computers - Software & Consulting
101,Altius Telecom,543225,Telecom - Services,Telecom - Infrastructure
102,Alufluoride,524634,Chemicals & Petrochemicals,Commodity Chemicals
103,Amagi Media Labs,544679,IT - Services,IT Enabled Services
104,Amal,506597,Chemicals & Petrochemicals,Specialty Chemicals
105,Amanta Healthcar,544502,Pharmaceuticals & Biotechnology,Pharmaceuticals
106,Amara Raja Ener.,500008,Auto Components,Auto Components & Equipments
107,Amber Enterp.,540902,Consumer Durables,Household Appliances
108,Ambika Cotton,531978,Textiles & Apparels,Other Textile Products
109,Ambuja Cements,500425,Cement & Cement Products,Cement & Cement Products
110,Amic Forging,544037,Industrial Products,Castings & Forgings
111,Amines & Plast.,506248,Chemicals & Petrochemicals,Commodity Chemicals
112,Amrutanjan Healt,590006,Pharmaceuticals & Biotechnology,Pharmaceuticals
113,Anand Rathi Shar,544530,Capital Markets,Stockbroking & Allied
114,Anand Rathi Wea.,543415,Capital Markets,Financial Products Distributor
115,Anand Rayons,542721,Textiles & Apparels,Trading - Textile Products
116,Anant Raj,515055,Realty,"Residential, Commercial Projects"
117,Anantam Highways,544579,Transport Infrastructure,"Road AssetsToll, Annuity, Hybrid-Annuity"
118,ANB Metal,,Industrial Products,"Aluminium, Copper & Zinc Products"
119,Andhra Cements,532141,Cement & Cement Products,Cement & Cement Products
120,Andhra Paper,502330,"Paper, Forest & Jute Products",Paper & Paper Products
121,Andhra Petrochem,500012,Chemicals & Petrochemicals,Commodity Chemicals
122,Andhra Sugars,590062,Chemicals & Petrochemicals,Commodity Chemicals
123,Andrew Yule & Co,526173,Agricultural Food & other Products,Tea & Coffee
124,Angel One,543235,Capital Markets,Stockbroking & Allied
125,Anjani Portland,518091,Cement & Cement Products,Cement & Cement Products
126,Anlon Healthcare,544497,Pharmaceuticals & Biotechnology,Pharmaceuticals
127,Annapurna Swadi.,,Food Products,Packaged Foods
128,Anondita Medi.,,Personal Products,Personal Care
129,Antelopus Selan,530075,Oil,Oil Exploration & Production
130,Anthem Bioscienc,544449,Pharmaceuticals & Biotechnology,Biotechnology
131,Antony Waste han,543254,Other Utilities,Waste Management
132,Anuh Pharma,506260,Pharmaceuticals & Biotechnology,Pharmaceuticals
133,Anupam Rasayan,543275,Chemicals & Petrochemicals,Specialty Chemicals
134,Anzen IYEP Trust,543655,Power,Power - Transmission
135,Apar Inds.,532259,Electrical Equipment,Other Electrical Equipment
136,Apcotex Industri,523694,Industrial Products,Rubber
137,Apeejay Surrend.,544111,Leisure Services,Hotels & Resorts
138,Apex Frozen Food,540692,Food Products,Seafood
139,Apis India,506166,Food Products,Other Food Products
140,APL Apollo Tubes,533758,Industrial Products,Iron & Steel Products
141,Apollo Hospitals,508869,Healthcare Services,Hospital
142,Apollo Micro Sys,540879,Aerospace & Defense,Aerospace & Defense
143,Apollo Pipes,531761,Industrial Products,Plastic Products - Industrial
144,Apollo Sindoori,,Leisure Services,Hotels & Resorts
145,Apollo Tyres,500877,Auto Components,Tyres & Rubber Products
146,Aprameya Enginee,,Healthcare Equipment & Supplies,Medical Equipment & Supplies
147,Aptech,532475,Other Consumer Services,Education
148,Aptus Value Hou.,543335,Finance,Housing Finance Company
149,Archean Chemical,543657,Chemicals & Petrochemicals,Specialty Chemicals
150,Arfin India,539151,Non - Ferrous Metals,Aluminium
151,Aries Agro,532935,Fertilizers & Agrochemicals,Fertilizers
152,Arih.Found.Hsg.,531381,Realty,"Residential, Commercial Projects"
153,Arihant Academy,,Other Consumer Services,Education
154,Arihant Capital,511605,Capital Markets,Stockbroking & Allied
155,Arihant Super.,506194,Realty,"Residential, Commercial Projects"
156,Arisinfra Solu.,544419,Other Construction Materials,Other Construction Materials
157,Arkade,544261,Realty,"Residential, Commercial Projects"
158,Arman Financial,531179,Finance,Non Banking Financial Company (NBFC)
159,Arrow Greentech,516064,Industrial Products,Packaging
160,Artemis Electri.,542670,Electrical Equipment,Other Electrical Equipment
161,Artemis Medicare,542919,Healthcare Services,Hospital
162,Artificial Elect,526443,IT - Software,Software Products
163,Artson,522134,Industrial Manufacturing,Industrial Products
164,Arunis Abode,526935,Commercial Services & Supplies,Diversified Commercial Services
165,Arvind Fashions.,542484,Retailing,Speciality Retail
166,Arvind Ltd,500101,Textiles & Apparels,Garments & Apparels
167,Arvind SmartSp.,539301,Realty,"Residential, Commercial Projects"
168,Aryaman Capital,538716,Finance,Investment Company
169,Aryaman Fin.Serv,530245,Finance,Non Banking Financial Company (NBFC)
170,Asahi India Glas,515030,Auto Components,Auto Components & Equipments
171,Asahi Songwon,532853,Chemicals & Petrochemicals,Dyes And Pigments
172,Asarfi Hospital,543943,Healthcare Services,Hospital
173,Ashapura Minech.,527001,Minerals & Mining,Industrial Minerals
174,Ashiana Housing,523716,Realty,"Residential, Commercial Projects"
175,Ashika Credit,543766,Finance,Non Banking Financial Company (NBFC)
176,Ashima,514286,Textiles & Apparels,Other Textile Products
177,Ashok Leyland,500477,"Agricultural, Commercial & Construction Vehicles",Commercial Vehicles
178,Ashoka Buildcon,533271,Construction,Civil Construction
179,Asi Industries,502015,Minerals & Mining,Industrial Minerals
180,Asian Energy,530355,Oil,Oil Equipment & Services
181,Asian Granito,532888,Consumer Durables,Ceramics
182,Asian Hotels (N),500023,Leisure Services,Hotels & Resorts
183,Asian Paints,500820,Consumer Durables,Paints
184,Asian Star Co.,531847,Consumer Durables,"Gems, Jewellery And Watches"
185,ASK Automotive,544022,Auto Components,Auto Components & Equipments
186,ASM Technologies,526433,IT - Software,Computers - Software & Consulting
187,Assoc.Alcohols,507526,Beverages,Breweries & Distilleries
188,Astal Lab,512600,Pharmaceuticals & Biotechnology,Pharmaceuticals
189,Astec Lifescienc,533138,Fertilizers & Agrochemicals,Pesticides & Agrochemicals
190,Aster DM Health.,540975,Healthcare Services,Hospital
191,Astra Microwave,532493,Aerospace & Defense,Aerospace & Defense
192,Astral,532830,Industrial Products,Plastic Products - Industrial
193,Astrazeneca Phar,506820,Pharmaceuticals & Biotechnology,Pharmaceuticals
194,Atal Realtech,543911,Realty,"Residential, Commercial Projects"
195,Ather Energy,544397,Automobiles,2/3 Wheelers
196,Atlanta Electric,544527,Electrical Equipment,Heavy Electrical Equipment
197,Atlantaa,532759,Construction,Civil Construction
198,Atmastco Ltd,,Construction,Civil Construction
199,Atul,500027,Chemicals & Petrochemicals,Specialty Chemicals
200,Atul Auto,531795,"Agricultural, Commercial & Construction Vehicles",Commercial Vehicles
201,AU Small Finance,540611,Banks,Other Bank
202,Aurionpro Sol.,532668,IT - Software,Computers - Software & Consulting
203,Aurobindo Pharma,524804,Pharmaceuticals & Biotechnology,Pharmaceuticals
204,Aurum Proptech,539289,IT - Services,IT Enabled Services
205,Australian Prem,,Electrical Equipment,Heavy Electrical Equipment
206,Authum Invest,539177,Finance,Non Banking Financial Company (NBFC)
207,Auto.Corp.of Goa,505036,Auto Components,Auto Components & Equipments
208,Autoline Industr,532797,Auto Components,Auto Components & Equipments
209,Automotive Axles,505010,Auto Components,Auto Components & Equipments
210,Automotive Stamp,520119,Auto Components,Auto Components & Equipments
211,Avadh Sugar,540649,Agricultural Food & other Products,Sugar
212,Avalon Tech,543896,Electrical Equipment,Other Electrical Equipment
213,Avantel,532406,Aerospace & Defense,Aerospace & Defense
214,Avanti Feeds,512573,Food Products,Animal Feed
215,Avenue Super.,540376,Retailing,Diversified Retail
216,AvenuesAI,539807,Financial Technology (Fintech),Financial Technology (Fintech)
217,Avishkar Infra,508929,Realty,"Residential, Commercial Projects"
218,Avonmore Capital,511589,Finance,Non Banking Financial Company (NBFC)
219,AVP Infracon,,Construction,Civil Construction
220,AVT Natural Prod,519105,Agricultural Food & other Products,Other Agricultural Products
221,AWFIS Space,544181,Commercial Services & Supplies,Diversified Commercial Services
222,AWL Agri Busine.,543458,Agricultural Food & other Products,Edible Oil
223,Axentra Corp,511634,Construction,Civil Construction
224,Axis Bank,532215,Banks,Private Sector Bank
225,Axis Solution,511144,IT - Software,Computers - Software & Consulting
226,AXISCADES Tech.,532395,Aerospace & Defense,Aerospace & Defense
227,Axita Cotton,542285,Textiles & Apparels,Other Textile Products
228,Axtel Industries,523850,Industrial Manufacturing,Industrial Products
229,Aye Finance,,,
230,AYM Syntex,508933,Textiles & Apparels,Other Textile Products
231,Azad Engineering,544061,Electrical Equipment,Heavy Electrical Equipment
232,Azad India,504731,Industrial Products,Iron & Steel Products
233,B C C Fuba India,517246,IT - Hardware,Computers Hardware & Equipments
234,B H E L,500103,Electrical Equipment,Heavy Electrical Equipment
235,B P C L,500547,Petroleum Products,Refineries & Marketing
236,B-Right Real,543543,Realty,"Residential, Commercial Projects"
237,B.L.Kashyap,532719,Construction,Civil Construction
238,B.R.Goyal Infra.,544335,Construction,Civil Construction
239,B&B Triplewall,543668,Industrial Products,Packaging
240,Baazar Style,544243,Retailing,Speciality Retail
241,Bafna Pharma.,532989,Pharmaceuticals & Biotechnology,Pharmaceuticals
242,Baheti Recycling,,Industrial Products,"Aluminium, Copper & Zinc Products"
243,Bai-Kakaji Poly.,544670,Consumer Durables,Plastic Products - Consumer
244,Bajaj Auto,532977,Automobiles,2/3 Wheelers
245,Bajaj Consumer,533229,Personal Products,Personal Care
246,Bajaj Electrical,500031,Consumer Durables,Household Appliances
247,Bajaj Finance,500034,Finance,Non Banking Financial Company (NBFC)
248,Bajaj Finserv,532978,Finance,Holding Company
249,Bajaj Healthcare,539872,Pharmaceuticals & Biotechnology,Pharmaceuticals
250,Bajaj Hindusthan,500032,Agricultural Food & other Products,Sugar
251,Bajaj Holdings,500490,Finance,Holding Company
252,Bajaj Housing,544252,Finance,Housing Finance Company
253,Bajaj Steel Inds,507944,Industrial Manufacturing,Industrial Products
254,Bajel Projects,544042,Electrical Equipment,Heavy Electrical Equipment
255,Balaji Amines,530999,Chemicals & Petrochemicals,Specialty Chemicals
256,Balaji Phos.,,Fertilizers & Agrochemicals,Fertilizers
257,Balaji Telefilms,532382,Entertainment,Media & Entertainment
258,Balgopal Commer.,539834,Commercial Services & Supplies,Trading & Distributors
259,Balkrishna Inds,502355,Auto Components,Tyres & Rubber Products
260,Balmer Law. Inv.,532485,Finance,Non Banking Financial Company (NBFC)
261,Balmer Lawrie,523319,Diversified,Diversified
262,Balrampur Chini,500038,Agricultural Food & other Products,Sugar
263,Balu Forge,531112,Industrial Products,Castings & Forgings
264,Banco Products,500039,Auto Components,Auto Components & Equipments
265,Bandhan Bank,541153,Banks,Private Sector Bank
266,Banganga Paper,512025,Commercial Services & Supplies,Diversified Commercial Services
267,Bank of Baroda,532134,Banks,Public Sector Bank
268,Bank of India,532149,Banks,Public Sector Bank
269,Bank of Maha,532525,Banks,Public Sector Bank
270,Bannari Amm.Sug.,500041,Agricultural Food & other Products,Sugar
271,Bansal Wire Inds,544209,Industrial Products,Iron & Steel Products
272,Banswara Syntex,503722,Textiles & Apparels,Other Textile Products
273,Baroda Rayon,500270,Realty,"Residential, Commercial Projects"
274,Bartronics India,532694,IT - Services,IT Enabled Services
275,BASF India,500042,Chemicals & Petrochemicals,Specialty Chemicals
276,Basilic Fly Stud,,Entertainment,Media & Entertainment
277,Bata India,500043,Consumer Durables,Footwear
278,Batliboi,522004,Industrial Manufacturing,Industrial Products
279,Bayer Crop Sci.,506285,Fertilizers & Agrochemicals,Pesticides & Agrochemicals
280,BCL Industries,524332,Beverages,Breweries & Distilleries
281,Bedmutha Indus.,533270,Industrial Products,Iron & Steel Products
282,Beekay Steel Ind,539018,Industrial Products,Iron & Steel Products
283,Beezaasan Exp.,544369,Chemicals & Petrochemicals,Explosives
284,Bella Casa Fashi,539399,Textiles & Apparels,Garments & Apparels
285,Belrise Industri,544405,Auto Components,Auto Components & Equipments
286,Bemco Hydraulics,522650,Industrial Manufacturing,Industrial Products
287,BEML Land Assets,543898,Finance,Investment Company
288,BEML Ltd,500048,"Agricultural, Commercial & Construction Vehicles",Construction Vehicles
289,Benares Hotels,509438,Leisure Services,Hotels & Resorts
290,Bengal & Assam,533095,Finance,Non Banking Financial Company (NBFC)
291,Berger Paints,509480,Consumer Durables,Paints
292,Best Agrolife,539660,Fertilizers & Agrochemicals,Pesticides & Agrochemicals
293,Beta Drugs Ltd,,Pharmaceuticals & Biotechnology,Pharmaceuticals
294,BF Investment,533303,Finance,Holding Company
295,BF Utilities,532430,Transport Infrastructure,"Road AssetsToll, Annuity, Hybrid-Annuity"
296,BGR Energy Sys.,532930,Construction,Civil Construction
297,Bhageria Indust.,530803,Chemicals & Petrochemicals,Dyes And Pigments
298,Bhagiradha Chem.,531719,Fertilizers & Agrochemicals,Pesticides & Agrochemicals
299,Bhagyanagar Ind,512296,Non - Ferrous Metals,Copper
300,Bhansali Engg.,500052,Chemicals & Petrochemicals,Specialty Chemicals
301,Bharat Bijlee,503960,Electrical Equipment,Other Electrical Equipment
302,Bharat Coking,544678,Consumable Fuels,Coal
303,Bharat Dynamics,541143,Aerospace & Defense,Aerospace & Defense
304,Bharat Electron,500049,Aerospace & Defense,Aerospace & Defense
305,Bharat Forge,500493,Auto Components,Auto Components & Equipments
306,Bharat Global,521238,IT - Hardware,Computers Hardware & Equipments
307,Bharat Parenter.,541096,Pharmaceuticals & Biotechnology,Pharmaceuticals
308,Bharat Rasayan,590021,Fertilizers & Agrochemicals,Pesticides & Agrochemicals
309,Bharat Seats,523229,Auto Components,Auto Components & Equipments
310,Bharat Wire,539799,Industrial Products,Iron & Steel Products
311,Bharti Airtel,532454,Telecom - Services,Telecom - Cellular & Fixed line services
312,Bharti Hexacom,544162,Telecom - Services,Telecom - Cellular & Fixed line services
313,Bhartiya Intl.,526666,Consumer Durables,Leather And Leather Products
314,Bhatia Colour,543497,Chemicals & Petrochemicals,Specialty Chemicals
315,Bhatia Communic.,540956,Retailing,Speciality Retail
316,Bhavik Enterpris,544551,Chemicals & Petrochemicals,Trading - Chemicals
317,BIGBLOC Const.,540061,Cement & Cement Products,Cement & Cement Products
318,Bikaji Foods,543653,Food Products,Packaged Foods
319,Billionbrains,544603,Capital Markets,Stockbroking & Allied
320,Biocon,532523,Pharmaceuticals & Biotechnology,Pharmaceuticals
321,Birla Cable,500060,Telecom -  Equipment & Accessories,Telecom -  Equipment & Accessories
322,Birla Corpn.,500335,Cement & Cement Products,Cement & Cement Products
323,BirlaNu Ltd,509675,Consumer Durables,"Furniture, Home Furnishing"
324,Birlasoft Ltd,532400,IT - Software,Computers - Software & Consulting
325,Bizotic Commer.,543926,Textiles & Apparels,Garments & Apparels
326,Black Box,500463,IT - Services,IT Enabled Services
327,Black Rose Indus,514183,Chemicals & Petrochemicals,Specialty Chemicals
328,Blackbuck,544288,Transport Services,Transport Related Services
329,Bliss GVS Pharma,506197,Pharmaceuticals & Biotechnology,Pharmaceuticals
330,BLS E-Services,544107,IT - Services,IT Enabled Services
331,BLS Internat.,540073,Leisure Services,"Tour, Travel Related Services"
332,Blue Cloud Soft.,539607,IT - Software,Software Products
333,Blue Dart Expres,526612,Transport Services,Logistics Solution Provider
334,Blue Jet Health,544009,Pharmaceuticals & Biotechnology,Pharmaceuticals
335,Blue Pearl Agri,514440,Chemicals & Petrochemicals,Commodity Chemicals
336,Blue Star,500067,Consumer Durables,Household Appliances
337,Bluestone Jewel,544484,Consumer Durables,"Gems, Jewellery And Watches"
338,Bluspring Enter.,544414,Commercial Services & Supplies,Diversified Commercial Services
339,BMW Industries,542669,Industrial Products,Iron & Steel Products
340,BMW Ventures,544543,Metals & Minerals Trading,Trading - Metals
341,BN Agrochem,526125,Commercial Services & Supplies,Trading & Distributors
342,Bodal Chemicals,524370,Chemicals & Petrochemicals,Dyes And Pigments
343,Bombay Dyeing,500020,Textiles & Apparels,Other Textile Products
344,Bombay Oxygen,509470,Finance,Non Banking Financial Company (NBFC)
345,Bombay Super Hyb,,Agricultural Food & other Products,Other Agricultural Products
346,Bondada Engineer,543971,Telecom - Services,Telecom - Infrastructure
347,Borana Weaves,544404,Textiles & Apparels,Other Textile Products
348,Borosil,543212,Consumer Durables,Houseware
349,Borosil Renew.,502219,Industrial Products,Glass - Industrial
350,Borosil Scienti.,544184,Industrial Products,Glass - Industrial
351,Bosch,500530,Auto Components,Auto Components & Equipments
352,Bosch Home Comfort,523398,Consumer Durables,Household Appliances
353,BPL,500074,Consumer Durables,Consumer Electronics
354,Brahmaputra Inf.,535693,Construction,Civil Construction
355,Brainbees Solut.,544226,Retailing,E-Retail/ E-Commerce
356,Brand Concepts,543442,Retailing,Speciality Retail
357,Brandman Retail,,,
358,Brigade Enterpr.,532929,Realty,"Residential, Commercial Projects"
359,Brigade Hotel,544457,Leisure Services,Hotels & Resorts
360,Bright Outdoor,543831,Media,Advertising & Media Agencies
361,Brightcom Group,532368,IT - Services,IT Enabled Services
362,Britannia Inds.,500825,Food Products,Packaged Foods
363,Brookfield India,543261,Realty,Real Estate Investment Trusts (REITs)
364,BSE,,Capital Markets,Exchange and Data Platform
365,Butterfly Gan Ap,517421,Consumer Durables,Household Appliances
366,C C C L,532902,Realty,"Residential, Commercial Projects"
367,C D S L,,Capital Markets,"Depositories, Clearing Houses and Other Intermediaries"
368,C K K Retail,,,
369,C P C L,500110,Petroleum Products,Refineries & Marketing
370,C P S Shapers,,Textiles & Apparels,Garments & Apparels
371,C.E. Info System,543425,IT - Software,Software Products
372,C2C Advanced,,Aerospace & Defense,Aerospace & Defense
373,Camlin Fine,532834,Chemicals & Petrochemicals,Specialty Chemicals
374,Campus Activewe.,543523,Consumer Durables,Footwear
375,Cams Services,543232,Capital Markets,"Depositories, Clearing Houses and Other Intermediaries"
376,Can Fin Homes,511196,Finance,Housing Finance Company
377,Canara Bank,532483,Banks,Public Sector Bank
378,Canara HSBC,544583,Insurance,Life Insurance
379,Canara Robeco,544580,Capital Markets,Asset Management Company
380,Candour Techtex,522292,Industrial Products,Plastic Products - Industrial
381,Cantabil Retail,533267,Textiles & Apparels,Garments & Apparels
382,Capacit'e Infra.,540710,Construction,Civil Construction
383,Capillary Tech.,544614,IT - Software,Software Products
384,Capital India,530879,Finance,Non Banking Financial Company (NBFC)
385,Capital Infra,544338,Construction,Civil Construction
386,Capital Small,544120,Banks,Other Bank
387,Capital Trade Lk,538476,Finance,Non Banking Financial Company (NBFC)
388,Caplin Point Lab,524742,Pharmaceuticals & Biotechnology,Pharmaceuticals
389,Capri Global,531595,Finance,Non Banking Financial Company (NBFC)
390,Captain Polyplas,536974,Industrial Products,Plastic Products - Industrial
391,Captain Techno.,540652,Industrial Manufacturing,Industrial Products
392,Carborundum Uni.,513375,Industrial Products,Abrasives & Bearings
393,CARE Ratings,534804,Capital Markets,Ratings
394,Career Point Edu,544499,Other Consumer Services,Education
395,Carraro India,544320,Auto Components,Auto Components & Equipments
396,Cartrade Tech,543333,Retailing,E-Retail/ E-Commerce
397,Carysil,524091,Consumer Durables,Household Appliances
398,Castrol India,500870,Petroleum Products,Lubricants
399,CCL Products,519600,Agricultural Food & other Products,Tea & Coffee
400,CEAT,500878,Auto Components,Tyres & Rubber Products
401,Ceigall India,544223,Construction,Civil Construction
402,Ceinsys Tech,538734,IT - Software,Computers - Software & Consulting
403,Cellecor Gadgets,,Consumer Durables,Consumer Electronics
404,Cello World,544012,Consumer Durables,Houseware
405,Cemindia Project,509496,Construction,Civil Construction
406,Central Bank,532885,Banks,Public Sector Bank
407,Centrum Capital,501150,Finance,Other Financial Services
408,Centum Electron,517544,Industrial Manufacturing,Industrial Products
409,Century Enka,500280,Textiles & Apparels,Other Textile Products
410,Century Plyboard,532548,Consumer Durables,Plywood Boards/ Laminates
411,Cera Sanitary.,532443,Consumer Durables,Sanitary Ware
412,CESC,500084,Power,Integrated Power Utilities
413,CFF Fluid,543920,Aerospace & Defense,Aerospace & Defense
414,CG Power & Ind,500093,Electrical Equipment,Heavy Electrical Equipment
415,Chalet Hotels,542399,Leisure Services,Hotels & Resorts
416,Chaman Metallics,,Ferrous Metals,Sponge Iron
417,Chamanlal Setia,530307,Agricultural Food & other Products,Other Agricultural Products
418,Chambal Fert.,500085,Fertilizers & Agrochemicals,Fertilizers
419,Chandan Healthca,,Healthcare Services,Healthcare Service Provider
420,Chavda Infra Ltd,,Construction,Civil Construction
421,Chembond Chemic.,544450,Chemicals & Petrochemicals,Specialty Chemicals
422,Chemcon Special.,543233,Chemicals & Petrochemicals,Specialty Chemicals
423,Chemfab Alka.,541269,Chemicals & Petrochemicals,Commodity Chemicals
424,Chemplast Sanmar,543336,Chemicals & Petrochemicals,Commodity Chemicals
425,Cheviot Company,526817,"Paper, Forest & Jute Products",Jute & Jute Products
426,Choice Intl.,531358,Finance,Holding Company
427,Chola Financial,504973,Finance,Investment Company
428,Cholaman.Inv.&Fn,511243,Finance,Non Banking Financial Company (NBFC)
429,CIAN Agro,519477,Agricultural Food & other Products,Edible Oil
430,CIE Automotive,532756,Auto Components,Auto Components & Equipments
431,Cigniti Tech.,534758,IT - Services,IT Enabled Services
432,Cineline India,532807,Entertainment,"Film Production, Distribution & Exhibition"
433,Cipla,500087,Pharmaceuticals & Biotechnology,Pharmaceuticals
434,City Pulse Multi,542727,Retailing,Speciality Retail
435,City Union Bank,532210,Banks,Private Sector Bank
436,CL Educate,540403,Other Consumer Services,Education
437,Clean Science,543318,Chemicals & Petrochemicals,Specialty Chemicals
438,Clear Secured,,Commercial Services & Supplies,Diversified Commercial Services
439,CLN Energy,544347,Auto Components,Auto Components & Equipments
440,CMS Info Systems,543441,Commercial Services & Supplies,Diversified Commercial Services
441,Coal India,533278,Consumable Fuels,Coal
442,Coastal Corporat,501831,Food Products,Seafood
443,Cochin Shipyard,540678,Industrial Manufacturing,Ship Building & Allied Services
444,Coffee Day Enter,539436,Leisure Services,Restaurants
445,Coforge,532541,IT - Software,Computers - Software & Consulting
446,Cohance Life,543064,Pharmaceuticals & Biotechnology,Pharmaceuticals
447,Colab Platforms,542866,Finance,Other Financial Services
448,Colgate-Palmoliv,500830,Personal Products,Personal Care
449,Commerl. Synbags,539986,Industrial Products,Packaging
450,Concord Biotech,543960,Pharmaceuticals & Biotechnology,Pharmaceuticals
451,Concord Control,543619,Industrial Manufacturing,Industrial Products
452,Concord Enviro,544315,Other Utilities,Waste Management
453,Confidence Petro,526829,Gas,LPG/CNG/PNG/LNG Supplier
454,Connplex Cinemas,,Entertainment,"Film Production, Distribution & Exhibition"
455,Cons. Finvest,,Finance,Non Banking Financial Company (NBFC)
456,Container Corpn.,531344,Transport Services,Logistics Solution Provider
457,Control Print,522295,IT - Hardware,Computers Hardware & Equipments
458,Cool Caps,,Industrial Products,Packaging
459,Coromandel Engg.,533167,Realty,"Residential, Commercial Projects"
460,Coromandel Inter,506395,Fertilizers & Agrochemicals,Fertilizers
461,Corona Remedies,544644,Pharmaceuticals & Biotechnology,Pharmaceuticals
462,Corporate Merch,540199,Finance,Other Financial Services
463,Cosmic CRF,543928,Industrial Products,Iron & Steel Products
464,Cosmo First,508814,Industrial Products,Packaging
465,Covance Softsol,544361,IT - Software,Computers - Software & Consulting
466,Craftsman Auto,543276,Auto Components,Auto Components & Equipments
467,Creative Graphic,,Industrial Products,Other Industrial Products
468,Creative Newtech,544631,Commercial Services & Supplies,Trading & Distributors
469,CreditAcc. Gram.,541770,Finance,Microfinance Institutions
470,Credo Brands,544058,Retailing,Speciality Retail
471,Crest Ventures,511413,Finance,Non Banking Financial Company (NBFC)
472,CRISIL,500092,Finance,Other Financial Services
473,Crizac,544439,Retailing,Internet & Catalogue Retail
474,Crompton Gr. Con,539876,Consumer Durables,Household Appliances
475,Cropster Agro,523105,Industrial Products,Packaging
476,CSB Bank,542867,Banks,Private Sector Bank
477,CSL Finance,530067,Finance,Non Banking Financial Company (NBFC)
478,Cube Highways,543899,Transport Infrastructure,"Road AssetsToll, Annuity, Hybrid-Annuity"
479,Cummins India,500480,Industrial Products,"Compressors, Pumps & Diesel Engines"
480,Cupid,530843,Personal Products,Personal Care
481,CWD,543378,Consumer Durables,Consumer Electronics
482,Cybertech Sys.,532173,IT - Software,Computers - Software & Consulting
483,Cyient,532175,IT - Services,IT Enabled Services
484,Cyient DLM,543933,Industrial Manufacturing,Industrial Products
485,D B Corp,533151,Media,Print Media
486,D P Wires,543962,Industrial Products,Iron & Steel Products
487,D-Link India,533146,IT - Hardware,Computers Hardware & Equipments
488,D.P. Abhushan,544161,Consumer Durables,"Gems, Jewellery And Watches"
489,Dabur India,500096,Personal Products,Personal Care
490,Dalmia Bharat,500097,Agricultural Food & other Products,Sugar
491,Dalmia BharatLtd,542216,Cement & Cement Products,Cement & Cement Products
492,Dam Capital Advi,544316,Capital Markets,Stockbroking & Allied
493,Danish Power,,Electrical Equipment,Heavy Electrical Equipment
494,Danlaw Tech.,532329,Industrial Manufacturing,Industrial Products
495,Data Pattern,543428,Aerospace & Defense,Aerospace & Defense
496,Datamatics Glob.,532528,IT - Services,IT Enabled Services
497,Davangere Sugar,543267,Diversified FMCG,Diversified FMCG
498,DC Infotech,543636,IT - Hardware,Computers Hardware & Equipments
499,DCB Bank,532772,Banks,Private Sector Bank
500,DCM Nouvelle,542729,Textiles & Apparels,Other Textile Products
501,DCM Shriram,523367,Diversified,Diversified
502,DCM Shriram Inds,523369,Agricultural Food & other Products,Sugar
503,DCW,500117,Chemicals & Petrochemicals,Petrochemicals
504,DCX Systems,543650,Aerospace & Defense,Aerospace & Defense
505,DDev Plastiks,543547,Chemicals & Petrochemicals,Specialty Chemicals
506,DE Nora India,590031,Industrial Products,Electrodes & Refractories
507,Dec.Gold Mines,512068,Non - Ferrous Metals,Precious Metals
508,Deccan Bearings,505703,Industrial Manufacturing,Industrial Products
509,Deccan Cements,502137,Cement & Cement Products,Cement & Cement Products
510,DEE Development,544198,Industrial Manufacturing,Industrial Products
511,Deep Industries,543288,Oil,Oil Equipment & Services
512,Deepak Builders,544276,Construction,Civil Construction
513,Deepak Fertilis.,500645,Chemicals & Petrochemicals,Commodity Chemicals
514,Deepak Nitrite,506401,Chemicals & Petrochemicals,Specialty Chemicals
515,Delhivery,543529,Transport Services,Logistics Solution Provider
516,Delphi World,533452,Finance,Other Financial Services
517,Delta Corp,532848,Leisure Services,Amusement Parks/ Other Recreation
518,Delton Cables,504240,Electrical Equipment,Other Electrical Equipment
519,Den Networks,533137,Entertainment,TV Broadcasting & Software Production
520,Denta Water,544345,Other Utilities,Water Supply & Management
521,Dev Accele.,544513,Commercial Services & Supplies,Diversified Commercial Services
522,Devyani Intl.,543330,Leisure Services,Restaurants
523,Dhabriya Poly.,538715,Industrial Products,Plastic Products - Industrial
524,Dhampur Bio,543593,Agricultural Food & other Products,Sugar
525,Dhampur Sugar,500119,Agricultural Food & other Products,Sugar
526,Dhanashree Elect,542679,Electrical Equipment,Other Electrical Equipment
527,Dhanlaxmi Bank,532180,Banks,Private Sector Bank
528,Dhanuka Agritech,507717,Fertilizers & Agrochemicals,Pesticides & Agrochemicals
529,Dhariwalcorp,,Chemicals & Petrochemicals,Trading - Chemicals
530,Dharmaj Crop,543687,Fertilizers & Agrochemicals,Pesticides & Agrochemicals
531,Dhunseri Invest.,533336,Finance,Non Banking Financial Company (NBFC)
532,Dhunseri Vent.,523736,Diversified,Diversified
533,Diamond Power,522163,Electrical Equipment,Other Electrical Equipment
534,DIC India,500089,Chemicals & Petrochemicals,Printing Inks
535,Diffusion Eng,544264,Industrial Products,Other Industrial Products
536,Digilogic Systems,544684,Aerospace & Defense,Aerospace & Defense
537,DigiSpice Tech.,517214,IT - Services,IT Enabled Services
538,Digitide Solutio,544413,IT - Services,IT Enabled Services
539,Dilip Buildcon,540047,Construction,Civil Construction
540,Disa India,500068,Industrial Manufacturing,Industrial Products
541,Dish TV India,532839,Entertainment,TV Broadcasting & Software Production
542,Dishman Carbogen,540701,Pharmaceuticals & Biotechnology,Pharmaceuticals
543,Divgi Torq,543812,Auto Components,Auto Components & Equipments
544,Divi's Lab.,532488,Pharmaceuticals & Biotechnology,Pharmaceuticals
545,Divine Hira Jew.,,Consumer Durables,"Gems, Jewellery And Watches"
546,Divine Power,,Industrial Products,Cables - Electricals
547,Dixon Technolog.,540699,Consumer Durables,Consumer Electronics
548,DJ Mediaprint,543193,Transport Services,Logistics Solution Provider
549,DLF,532868,Realty,"Residential, Commercial Projects"
550,DMCC Speciality,506405,Chemicals & Petrochemicals,Specialty Chemicals
551,Dodla Dairy,543306,Food Products,Dairy Products
552,Dolat Algotech,505526,Capital Markets,Stockbroking & Allied
553,Dollar Industrie,541403,Textiles & Apparels,Garments & Apparels
554,Dolphin Offshore,522261,Oil,Offshore Support Solution Drilling
555,DOMS Industries,544045,Household Products,Stationary
556,Donear Inds.,512519,Textiles & Apparels,Other Textile Products
557,Dr Agarwal's Eye,526783,Healthcare Services,Hospital
558,Dr Agarwal's Hea,544350,Healthcare Services,Hospital
559,Dr Lal Pathlabs,539524,Healthcare Services,Healthcare Service Provider
560,Dr Reddy's Labs,500124,Pharmaceuticals & Biotechnology,Pharmaceuticals
561,Dreamfolks Servi,543591,Transport Infrastructure,Airport & Airport services
562,Dredging Corpn.,523618,Engineering Services,Dredging
563,DSM Fresh,544568,Food Products,Meat Products including Poultry
564,Dwarikesh Sugar,532610,Agricultural Food & other Products,Sugar
565,Dynacons Sys.,532365,IT - Services,IT Enabled Services
566,Dynamatic Tech.,505242,Industrial Manufacturing,Industrial Products
567,Dynamic Cables,540795,Industrial Products,Cables - Electricals
568,Dynemic Products,532707,Chemicals & Petrochemicals,Specialty Chemicals
569,E Factor Experie,,Other Consumer Services,Other Consumer Services
570,E to E Transportation,,Construction,Civil Construction
571,E2E Networks,,IT - Services,IT Enabled Services
572,Easy Trip Plann.,543272,Leisure Services,"Tour, Travel Related Services"
573,eClerx Services,532927,Commercial Services & Supplies,Business Process Outsourcing (BPO)/ Knowledge Process Outsourcing (KPO)
574,Eco Recyc.,530643,Other Utilities,Waste Management
575,Ecoline Exim,,Industrial Products,Packaging
576,Ecos (India),544239,Transport Services,Road Transport
577,Edelweiss.Fin.,532922,Finance,Holding Company
578,EFC (I),512008,Commercial Services & Supplies,Diversified Commercial Services
579,Effwa Infra,,Other Utilities,Waste Management
580,Eicher Motors,505200,Automobiles,2/3 Wheelers
581,EID Parry,500125,Food Products,Other Food Products
582,EIH,500840,Leisure Services,Hotels & Resorts
583,EIH Assoc.Hotels,523127,Leisure Services,Hotels & Resorts
584,Eimco Elecon(I),523708,Industrial Manufacturing,Industrial Products
585,Ekansh Concept,531364,Commercial Services & Supplies,Consulting Services
586,EKI Energy,543284,Commercial Services & Supplies,Consulting Services
587,Elantas Beck,500123,Chemicals & Petrochemicals,Specialty Chemicals
588,Elcid Investment,503681,Finance,Investment Company
589,Eldeco Housing,523329,Realty,"Residential, Commercial Projects"
590,Elecon Engg.Co,505700,Electrical Equipment,Heavy Electrical Equipment
591,Electronics Mart,543626,Retailing,Diversified Retail
592,Electrost.Cast.,500128,Industrial Products,Iron & Steel Products
593,Electrotherm(I),526608,Industrial Products,Iron & Steel Products
594,Elgi Equipments,522074,Industrial Products,"Compressors, Pumps & Diesel Engines"
595,Elin Electronics,543725,Consumer Durables,Household Appliances
596,Elitecon Inter.,539533,Cigarettes & Tobacco Products,Cigarettes & Tobacco Products
597,Ellen.Indl.Gas,544421,Chemicals & Petrochemicals,Industrial Gases
598,Elpro Internatio,504000,Realty,"Residential, Commercial Projects"
599,Emami,531162,Personal Products,Personal Care
600,Emami Paper,533208,"Paper, Forest & Jute Products",Paper & Paper Products
601,Emami Realty Ltd,533218,Realty,"Residential, Commercial Projects"
602,Embassy Develop,532832,Realty,"Residential, Commercial Projects"
603,Embassy Off.REIT,542602,Realty,Real Estate Investment Trusts (REITs)
604,Emcure Pharma,544210,Pharmaceuticals & Biotechnology,Pharmaceuticals
605,Emerald Leisures,507265,Leisure Services,Hotels & Resorts
606,Emk.Global Fin.,532737,Capital Markets,Stockbroking & Allied
607,Emkay Tools,,Industrial Manufacturing,Industrial Products
608,Emmforce Auto.,544166,Auto Components,Auto Components & Equipments
609,Emmvee Photovol.,544608,Electrical Equipment,Other Electrical Equipment
610,Empire Inds.,509525,Diversified,Diversified
611,Emrock Corporation,531676,Food Products,Packaged Foods
612,EMS,543983,Other Utilities,Waste Management
613,eMudhra,543533,IT - Services,IT Enabled Services
614,Encompass Design,,Commercial Services & Supplies,Trading & Distributors
615,Endurance Tech.,540153,Auto Components,Auto Components & Equipments
616,Energy InfrTrust,542543,Gas,Gas Transmission/Marketing
617,Engineers India,532178,Construction,Civil Construction
618,Enkei Wheels,533477,Auto Components,Auto Components & Equipments
619,Ent.Network,532700,Entertainment,Media & Entertainment
620,Entero Healthcar,544122,Retailing,Pharmacy Retail
621,Enviro Infra,544290,Other Utilities,Water Supply & Management
622,Epack Durable,544095,Consumer Durables,Household Appliances
623,EPack PrefabTech,544540,Industrial Manufacturing,Industrial Products
624,Epigral,543332,Chemicals & Petrochemicals,Specialty Chemicals
625,EPL Ltd,500135,Industrial Products,Packaging
626,Equitas Sma. Fin,543243,Banks,Other Bank
627,Eraaya Lifespace,531035,Automobiles,2/3 Wheelers
628,ERIS Lifescience,540596,Pharmaceuticals & Biotechnology,Pharmaceuticals
629,Esab India,500133,Industrial Products,Other Industrial Products
630,ESAF Small Fin,544020,Banks,Other Bank
631,Escorts Kubota,500495,"Agricultural, Commercial & Construction Vehicles",Tractors
632,Espire Hospi,532016,Leisure Services,Hotels & Resorts
633,Essar Shipping,533704,Transport Services,Shipping
634,Essen Speciality,,Consumer Durables,Plastic Products - Consumer
635,Ester Industries,500136,Industrial Products,Packaging
636,Eternal,543320,Retailing,E-Retail/ E-Commerce
637,Ethos,543532,Consumer Durables,"Gems, Jewellery And Watches"
638,Eureka Forbes,543482,Consumer Durables,Household Appliances
639,Euro India Fresh,,Food Products,Packaged Foods
640,Euro Panel,544461,Industrial Products,"Aluminium, Copper & Zinc Products"
641,Euro Pratik Sale,544519,Consumer Durables,"Furniture, Home Furnishing"
642,Eveready Inds.,531508,Household Products,Household Products
643,Everest Inds.,508906,Other Construction Materials,Other Construction Materials
644,Everest Kanto,532684,Industrial Manufacturing,Industrial Products
645,Everest Organics,524790,Pharmaceuticals & Biotechnology,Pharmaceuticals
646,Evexia Lifecare,524444,Chemicals & Petrochemicals,Trading - Chemicals
647,Exato Technologies,544626,IT - Services,IT Enabled Services
648,Excel Industries,500650,Chemicals & Petrochemicals,Specialty Chemicals
649,Excelsoft Tech.,544617,IT - Services,IT Enabled Services
650,Exhicon Events,543895,Other Consumer Services,Other Consumer Services
651,Exicom Tele-Sys.,544133,Electrical Equipment,Heavy Electrical Equipment
652,Exide Inds.,500086,Auto Components,Auto Components & Equipments
653,Exim Routes,,"Paper, Forest & Jute Products",Paper & Paper Products
654,Expleo Solutions,533121,IT - Services,IT Enabled Services
655,Exxaro Tiles,543327,Consumer Durables,Ceramics
656,F A C T,590024,Fertilizers & Agrochemicals,Fertilizers
657,Fabtech Tech.,544558,Healthcare Services,"Healthcare Research, Analytics & Technology"
658,Fabtech Techn.,544332,Industrial Manufacturing,Industrial Products
659,Fairchem Organic,543252,Chemicals & Petrochemicals,Specialty Chemicals
660,Faze Three,530079,Textiles & Apparels,Other Textile Products
661,FCS Software,532666,IT - Services,IT Enabled Services
662,FDC,531599,Pharmaceuticals & Biotechnology,Pharmaceuticals
663,Fedbank Financi.,544027,Finance,Non Banking Financial Company (NBFC)
664,Fedders Holding,511628,Finance,Non Banking Financial Company (NBFC)
665,Federal Bank,500469,Banks,Private Sector Bank
666,Federal-Mogul Go,505744,Auto Components,Auto Components & Equipments
667,Felix Industries,,Other Utilities,Water Supply & Management
668,Fermenta Biotec.,506414,Pharmaceuticals & Biotechnology,Pharmaceuticals
669,Fiem Industries,532768,Auto Components,Auto Components & Equipments
670,Filatex Fash.,532022,Textiles & Apparels,Garments & Apparels
671,Filatex India,526227,Textiles & Apparels,Other Textile Products
672,Fine Organic,541557,Chemicals & Petrochemicals,Specialty Chemicals
673,Fineotex Chem,533333,Chemicals & Petrochemicals,Specialty Chemicals
674,Finkurve Fin.,508954,Finance,Non Banking Financial Company (NBFC)
675,Fino Payments,543386,Banks,Other Bank
676,Finolex Cables,500144,Industrial Products,Cables - Electricals
677,Finolex Inds.,500940,Industrial Products,Plastic Products - Industrial
678,Firstsour.Solu.,532809,Commercial Services & Supplies,Business Process Outsourcing (BPO)/ Knowledge Process Outsourcing (KPO)
679,Fischer Medical,524743,Healthcare Equipment & Supplies,Medical Equipment & Supplies
680,Five-Star Bus.Fi,543663,Finance,Non Banking Financial Company (NBFC)
681,Flair Writing,544030,Household Products,Stationary
682,Fluidomat,522017,Industrial Manufacturing,Industrial Products
683,FlySBS Aviation,,Transport Services,Airline
684,Foce India,,Consumer Durables,"Gems, Jewellery And Watches"
685,Focus Lighting,,Consumer Durables,Consumer Electronics
686,Foods & Inns,507552,Food Products,Packaged Foods
687,Forbes & Co,502865,Consumer Durables,Household Appliances
688,Forbes Precision,544186,Industrial Manufacturing,Industrial Products
689,Force Motors,500033,Automobiles,Passenger Cars & Utility Vehicles
690,Fortis Health.,532843,Healthcare Services,Hospital
691,Foseco India,500150,Chemicals & Petrochemicals,Specialty Chemicals
692,Fractal Analyt.,,,
693,FratelliVineyard,541741,Beverages,Breweries & Distilleries
694,Fredun Pharma,539730,Pharmaceuticals & Biotechnology,Pharmaceuticals
695,Freshara Agro,,Food Products,Other Food Products
696,Frontier Springs,522195,Auto Components,Auto Components & Equipments
697,FSN E-Commerce,543384,Retailing,E-Retail/ E-Commerce
698,Fujiyama Power,544613,Electrical Equipment,Other Electrical Equipment
699,Fusion Finance,543652,Finance,Microfinance Institutions
700,G M Breweries,507488,Beverages,Breweries & Distilleries
701,G M D C,532181,Minerals & Mining,Industrial Minerals
702,G N F C,500670,Chemicals & Petrochemicals,Commodity Chemicals
703,G R Infraproject,543317,Construction,Civil Construction
704,G S F C,500690,Fertilizers & Agrochemicals,Fertilizers
705,Gabriel India,505714,Auto Components,Auto Components & Equipments
706,GAIL (India),532155,Gas,Gas Transmission/Marketing
707,Gala Precis. Eng,544244,Industrial Manufacturing,Industrial Products
708,Galaxy Surfact.,540935,Chemicals & Petrochemicals,Specialty Chemicals
709,Gallantt Ispat L,532726,Industrial Products,Iron & Steel Products
710,Gandhar Oil Ref.,544029,Petroleum Products,Lubricants
711,Gandhi Spl. Tube,513108,Industrial Products,Iron & Steel Products
712,Ganesh Benzopl.,500153,Oil,Oil Storage & Transportation
713,Ganesh Consumer,544528,Food Products,Packaged Foods
714,Ganesh Green,,Construction,Civil Construction
715,Ganesh Housing,526367,Realty,"Residential, Commercial Projects"
716,Ganesh Infra.,,Construction,Civil Construction
717,Ganesha Ecosphe.,514167,Textiles & Apparels,Other Textile Products
718,Garden Reach Sh.,542011,Aerospace & Defense,Aerospace & Defense
719,Garuda Cons,544271,Construction,Civil Construction
720,Garware Hi Tech,500655,Industrial Products,Plastic Products - Industrial
721,Garware Tech.,509557,Textiles & Apparels,Other Textile Products
722,Gateway Distri,543489,Transport Services,Logistics Solution Provider
723,GE Power,532309,Electrical Equipment,Heavy Electrical Equipment
724,GE Shipping Co,500620,Transport Services,Shipping
725,GE Vernova T&D,522275,Electrical Equipment,Heavy Electrical Equipment
726,GEE,504028,Electrical Equipment,Other Electrical Equipment
727,GeeCee Vent.,532764,Realty,"Residential, Commercial Projects"
728,Geekay Wires,,Industrial Products,Iron & Steel Products
729,Gem Aromatics,544491,Chemicals & Petrochemicals,Specialty Chemicals
730,General Insuranc,540755,Insurance,General Insurance
731,Generic Engineer,539407,Realty,"Residential, Commercial Projects"
732,Genesys Intl.,506109,IT - Services,IT Enabled Services
733,Gennex Lab.,531739,Pharmaceuticals & Biotechnology,Pharmaceuticals
734,Genus Paper & Bo,538961,"Paper, Forest & Jute Products",Paper & Paper Products
735,Genus Power,530343,Electrical Equipment,Other Electrical Equipment
736,Geojit Fin. Ser.,532285,Capital Markets,Stockbroking & Allied
737,GFL,500173,Finance,Holding Company
738,GHCL,500171,Chemicals & Petrochemicals,Commodity Chemicals
739,GHCL Textiles,543918,Textiles & Apparels,Other Textile Products
740,GHV Infra,505504,Construction,Civil Construction
741,GIC Housing Fin,511676,Finance,Housing Finance Company
742,Gillette India,507815,Personal Products,Personal Care
743,Ginni Filaments,590025,Textiles & Apparels,Other Textile Products
744,Giriraj Civil,,Construction,Civil Construction
745,GK Energy,544525,Construction,Civil Construction
746,GKW,,Finance,Investment Company
747,Gland Pharma,543245,Pharmaceuticals & Biotechnology,Pharmaceuticals
748,Glaxosmi. Pharma,500660,Pharmaceuticals & Biotechnology,Pharmaceuticals
749,Glenmark Pharma.,532296,Pharmaceuticals & Biotechnology,Pharmaceuticals
750,Global Education,,Other Consumer Services,Education
751,Global Health,543654,Healthcare Services,Hospital
752,Global Surfaces,543829,Consumer Durables,Granites & Marbles
753,Global Vectra,532773,Transport Services,Airline
754,Globe Civil,544424,Construction,Civil Construction
755,Globe Intl. Car.,,Transport Services,Logistics Solution Provider
756,Globus Spirits,533104,Beverages,Breweries & Distilleries
757,Gloster Ltd,542351,"Paper, Forest & Jute Products",Jute & Jute Products
758,Glottis,544557,Transport Services,Logistics Solution Provider
759,GMM Pfaudler,505255,Industrial Manufacturing,Industrial Products
760,GMR Airports,532754,Transport Infrastructure,Airport & Airport services
761,GMR Urban,543490,Power,Power Generation
762,GNA Axles,540124,Auto Components,Auto Components & Equipments
763,GNG Electronics,544455,IT - Hardware,Computers Hardware & Equipments
764,Go Digit General,544179,Insurance,General Insurance
765,Go Fashion (I),543401,Retailing,Speciality Retail
766,Goa Carbon,509567,Minerals & Mining,Industrial Minerals
767,GOCL Corpn.,506480,Chemicals & Petrochemicals,Explosives
768,Godavari Bioref.,544279,Diversified FMCG,Diversified FMCG
769,Godawari Power,532734,Industrial Products,Iron & Steel Products
770,Godfrey Phillips,500163,Cigarettes & Tobacco Products,Cigarettes & Tobacco Products
771,Godrej Agrovet,540743,Food Products,Animal Feed
772,Godrej Consumer,532424,Personal Products,Personal Care
773,Godrej Industrie,500164,Diversified,Diversified
774,Godrej Propert.,533150,Realty,"Residential, Commercial Projects"
775,Goel Construct.,544504,Construction,Civil Construction
776,Gokaldas Exports,532630,Textiles & Apparels,Garments & Apparels
777,Gokul Agro,539725,Agricultural Food & other Products,Edible Oil
778,Gokul Refoils,532980,Agricultural Food & other Products,Edible Oil
779,Goldiam Intl.,526729,Consumer Durables,"Gems, Jewellery And Watches"
780,Goldkart Jewels,,Consumer Durables,"Gems, Jewellery And Watches"
781,Goodluck India,530655,Industrial Products,Iron & Steel Products
782,Goodricke Group,500166,Agricultural Food & other Products,Tea & Coffee
783,Goodyear India,500168,Auto Components,Tyres & Rubber Products
784,Gopal Snacks,544140,Food Products,Packaged Foods
785,GP Eco Solutions,,Electrical Equipment,Other Electrical Equipment
786,GPT Healthcare,544131,Healthcare Services,Hospital
787,GPT Infraproject,533761,Construction,Civil Construction
788,Grand Continent,,Leisure Services,Hotels & Resorts
789,Grand Oak Canyon,523862,Finance,Non Banking Financial Company (NBFC)
790,Granules India,532482,Pharmaceuticals & Biotechnology,Pharmaceuticals
791,Graphite India,509488,Industrial Products,Electrodes & Refractories
792,Grasim Inds,500300,Cement & Cement Products,Cement & Cement Products
793,Grauer & Weil,505710,Chemicals & Petrochemicals,Commodity Chemicals
794,Gravita India,533282,Minerals & Mining,Industrial Minerals
795,Greaves Cotton,501455,Industrial Products,"Compressors, Pumps & Diesel Engines"
796,Greenlam Industr,538979,Consumer Durables,Plywood Boards/ Laminates
797,Greenpanel Inds.,542857,Consumer Durables,Plywood Boards/ Laminates
798,Greenply Industr,526797,Consumer Durables,Plywood Boards/ Laminates
799,Gretex Corporate,543324,Capital Markets,Other Capital Market related Services
800,Gretex Industrie,,Entertainment,Media & Entertainment
801,Grindwell Norton,506076,Industrial Products,Abrasives & Bearings
802,GRM Overseas,531449,Agricultural Food & other Products,Other Agricultural Products
803,GRP,509152,Industrial Products,Rubber
804,GSM Foils,,Industrial Products,Packaging
805,GTL Infra.,532775,Telecom - Services,Telecom - Infrastructure
806,GTPL Hathway,540602,Entertainment,TV Broadcasting & Software Production
807,GTT Data,530457,IT - Software,Computers - Software & Consulting
808,GTV Engineering,539479,Industrial Manufacturing,Industrial Products
809,Gufic BioScience,509079,Pharmaceuticals & Biotechnology,Pharmaceuticals
810,Guj Apollo Inds,522217,Industrial Manufacturing,Industrial Products
811,Guj Inds. Power,517300,Power,Power Generation
812,Guj Pipavav Port,533248,Transport Infrastructure,Port & Port services
813,Guj. Ambuja Exp,524226,Agricultural Food & other Products,Other Agricultural Products
814,Guj. Themis Bio.,506879,Pharmaceuticals & Biotechnology,Pharmaceuticals
815,Guj.Nat.Resour.,513536,Oil,Oil Exploration & Production
816,Guj.St.Petronet,532702,Gas,Gas Transmission/Marketing
817,Gujarat Alkalies,530001,Chemicals & Petrochemicals,Commodity Chemicals
818,Gujarat Fluoroch,542812,Chemicals & Petrochemicals,Specialty Chemicals
819,Gujarat Gas,539336,Gas,LPG/CNG/PNG/LNG Supplier
820,Gujarat Kidney,544666,Healthcare Services,Hospital
821,Gulf Oil Lubric.,538567,Petroleum Products,Lubricants
822,Gulshan Polyols,532457,Agricultural Food & other Products,Other Agricultural Products
823,GVK Power Infra.,532708,Construction,Civil Construction
824,H P C L,500104,Petroleum Products,Refineries & Marketing
825,H T Media,532662,Media,Print Media
826,H U D C O,540530,Finance,Financial Institution
827,H.G. Infra Engg.,541019,Construction,Civil Construction
828,Halder Venture,539854,Agricultural Food & other Products,Other Agricultural Products
829,Haldyn Glass,515147,Industrial Products,Packaging
830,Haleos Labs Limited,540679,Pharmaceuticals & Biotechnology,Pharmaceuticals
831,Hampton Sky,526407,Realty,"Residential, Commercial Projects"
832,Happiest Minds,543227,IT - Software,Computers - Software & Consulting
833,Happy Forgings,544057,Industrial Products,Castings & Forgings
834,Hardwyn India,541276,Consumer Durables,"Furniture, Home Furnishing"
835,Hariom Pipe,543517,Industrial Products,Iron & Steel Products
836,Harri. Malayalam,500467,Industrial Products,Rubber
837,Harsha Engg Intl,543600,Industrial Products,Other Industrial Products
838,Haryana Fin. Co.,530927,Finance,Financial Institution
839,Hathway Cable,533162,Entertainment,TV Broadcasting & Software Production
840,Hatsun Agro,531531,Food Products,Dairy Products
841,Havells India,517354,Consumer Durables,Consumer Electronics
842,Hawkins Cookers,508486,Consumer Durables,Houseware
843,Haz.Multi Proj.,532467,Realty,"Residential, Commercial Projects"
844,HBL Engineering,517271,Industrial Products,Other Industrial Products
845,HCL Infosystems,500179,IT - Hardware,Computers Hardware & Equipments
846,HCL Technologies,532281,IT - Software,Computers - Software & Consulting
847,HDB FINANC SER,544429,Finance,Non Banking Financial Company (NBFC)
848,HDFC AMC,541729,Capital Markets,Asset Management Company
849,HDFC Bank,500180,Banks,Private Sector Bank
850,HDFC Life Insur.,540777,Insurance,Life Insurance
851,Health.Global,539787,Healthcare Services,Hospital
852,HEG,509631,Industrial Products,Electrodes & Refractories
853,Heidelberg Cem.,500292,Cement & Cement Products,Cement & Cement Products
854,Hemant Surgical,543916,Healthcare Equipment & Supplies,Medical Equipment & Supplies
855,Hemisphere Prop,543242,Commercial Services & Supplies,Diversified Commercial Services
856,Heranba Inds,543266,Fertilizers & Agrochemicals,Pesticides & Agrochemicals
857,Hercules Investments,505720,Industrial Manufacturing,Industrial Products
858,Heritage Foods,519552,Food Products,Dairy Products
859,Hero Motocorp,500182,Automobiles,2/3 Wheelers
860,Hester Bios,524669,Pharmaceuticals & Biotechnology,Pharmaceuticals
861,Hexa Tradex,534328,Finance,Investment Company
862,Hexaware Tech.,544362,IT - Software,Computers - Software & Consulting
863,HFCL,500183,Telecom - Services,Telecom - Infrastructure
864,Hi-Green Carbon,,Other Utilities,Waste Management
865,Hi-Tech Pipes,543411,Industrial Products,Iron & Steel Products
866,High Energy Bat.,504176,Household Products,Household Products
867,Highway Infra,544477,Transport Infrastructure,"Road AssetsToll, Annuity, Hybrid-Annuity"
868,Hikal,524735,Pharmaceuticals & Biotechnology,Pharmaceuticals
869,Himadri Special,500184,Chemicals & Petrochemicals,Carbon Black
870,Himatsing. Seide,514043,Textiles & Apparels,Other Textile Products
871,Hind Rectifiers,504036,Industrial Manufacturing,Industrial Products
872,Hind. Unilever,500696,Diversified FMCG,Diversified FMCG
873,Hind.Aeronautics,541154,Aerospace & Defense,Aerospace & Defense
874,Hind.Composites,509635,Auto Components,Auto Components & Equipments
875,Hind.Construct.,500185,Construction,Civil Construction
876,Hind.Oil Explor.,500186,Oil,Oil Exploration & Production
877,Hind.Urban Infra,539984,Electrical Equipment,Other Electrical Equipment
878,Hindalco Inds.,500440,Non - Ferrous Metals,Aluminium
879,Hinduja Global,532859,Commercial Services & Supplies,Business Process Outsourcing (BPO)/ Knowledge Process Outsourcing (KPO)
880,Hindustan Copper,513599,Non - Ferrous Metals,Copper
881,Hindustan Foods,519126,Diversified FMCG,Diversified FMCG
882,Hindustan Media,533217,Media,Print Media
883,Hindustan Motors,500500,Automobiles,Passenger Cars & Utility Vehicles
884,Hindustan Zinc,500188,Non - Ferrous Metals,Zinc
885,Hindware Home In,542905,Consumer Durables,Sanitary Ware
886,Hitachi Energy,543187,Electrical Equipment,Heavy Electrical Equipment
887,Hitech Corp.,526217,Industrial Products,Packaging
888,HLE Glascoat,522215,Industrial Manufacturing,Industrial Products
889,HLV,500193,Leisure Services,Hotels & Resorts
890,HMA Agro Inds.,543929,Food Products,Meat Products including Poultry
891,HMT,500191,Industrial Manufacturing,Industrial Products
892,Home First Finan,543259,Finance,Housing Finance Company
893,Honasa Consumer,544014,Personal Products,Personal Care
894,Honda India,522064,Industrial Manufacturing,Industrial Products
895,Honeywell Auto,517174,Industrial Manufacturing,Industrial Products
896,HP Adhesives,543433,Chemicals & Petrochemicals,Specialty Chemicals
897,HP Telecom,,Commercial Services & Supplies,Trading & Distributors
898,HPL Electric,540136,Industrial Manufacturing,Industrial Products
899,HRS Aluglaze,544656,,
900,Hubtown,532799,Realty,"Residential, Commercial Projects"
901,Huhtamaki India,509820,Industrial Products,Packaging
902,Hyundai Motor I,544274,Automobiles,Passenger Cars & Utility Vehicles
903,I G Petrochems,500199,Chemicals & Petrochemicals,Commodity Chemicals
904,I O B,532388,Banks,Public Sector Bank
905,I O C L,530965,Petroleum Products,Refineries & Marketing
906,I R C T C,542830,Leisure Services,"Tour, Travel Related Services"
907,I R F C,543257,Finance,Financial Institution
908,I T D C,532189,Leisure Services,Hotels & Resorts
909,ICE Make Refrig.,,Industrial Manufacturing,Industrial Products
910,ICICI AMC,544658,Capital Markets,Asset Management Company
911,ICICI Bank,532174,Banks,Private Sector Bank
912,ICICI Lombard,540716,Insurance,General Insurance
913,ICICI Pru Life,540133,Insurance,Life Insurance
914,ICRA,532835,Capital Markets,Ratings
915,IDBI Bank,500116,Banks,Private Sector Bank
916,Ideaforge Tech,543932,Aerospace & Defense,Aerospace & Defense
917,IDFC First Bank,539437,Banks,Private Sector Bank
918,IFB Agro Inds.,507438,Beverages,Breweries & Distilleries
919,IFB Industries,505726,Consumer Durables,Household Appliances
920,IFCI,500106,Finance,Financial Institution
921,IFGL Refractori.,540774,Industrial Products,Electrodes & Refractories
922,Igarashi Motors,517380,Auto Components,Auto Components & Equipments
923,IIFL Capital,542773,Capital Markets,Stockbroking & Allied
924,IIFL Finance,532636,Finance,Non Banking Financial Company (NBFC)
925,IIRM Holdings,526530,Commercial Services & Supplies,Consulting Services
926,IKIO Tech,543923,Consumer Durables,Consumer Electronics
927,IL&FS Engg.,532907,Construction,Civil Construction
928,Imagica. Enter.,539056,Leisure Services,Amusement Parks/ Other Recreation
929,Ind-Swift Labs.,532305,Pharmaceuticals & Biotechnology,Pharmaceuticals
930,Indag Rubber,509162,Auto Components,Tyres & Rubber Products
931,Indef Manufactur,544364,Industrial Manufacturing,Industrial Products
932,Indegene,544172,Healthcare Services,"Healthcare Research, Analytics & Technology"
933,India Cements,530005,Cement & Cement Products,Cement & Cement Products
934,India Finsec,535667,Finance,Non Banking Financial Company (NBFC)
935,India Glycols,500201,Beverages,Breweries & Distilleries
936,India Homes,513361,Industrial Products,Iron & Steel Products
937,India Motor Part,590065,Auto Components,Trading - Auto components
938,India Nipp.Elec.,532240,Auto Components,Auto Components & Equipments
939,India Pesticides,543311,Fertilizers & Agrochemicals,Pesticides & Agrochemicals
940,India Power Corp,,Power,Integrated Power Utilities
941,INDIA SHELTE FIN,544044,Finance,Housing Finance Company
942,Indiabulls,533520,Commercial Services & Supplies,Diversified Commercial Services
943,Indiamart Inter.,542726,Retailing,Internet & Catalogue Retail
944,Indian Bank,532814,Banks,Public Sector Bank
945,Indian Energy Ex,540750,Capital Markets,Exchange and Data Platform
946,Indian Hotels Co,500850,Leisure Services,Hotels & Resorts
947,Indian Hume Pipe,504741,Industrial Manufacturing,Industrial Products
948,Indian Link Ch.,504746,Industrial Products,Other Industrial Products
949,Indian Metals,533047,Ferrous Metals,Ferro & Silica Manganese
950,Indian Renewable,544026,Finance,Financial Institution
951,Indian Toners,523586,Chemicals & Petrochemicals,Specialty Chemicals
952,Indigo Paints,543258,Consumer Durables,Paints
953,IndiGrid Trust,540565,Power,Power - Transmission
954,Indiqube Spaces,544454,Commercial Services & Supplies,Diversified Commercial Services
955,Indl. Inv. Trust,501295,Finance,Investment Company
956,Indl.& Prud.Inv.,501298,Finance,Investment Company
957,Indo Amines,524648,Chemicals & Petrochemicals,Specialty Chemicals
958,Indo Borax & Ch.,524342,Chemicals & Petrochemicals,Commodity Chemicals
959,Indo Count Inds.,521016,Textiles & Apparels,Other Textile Products
960,Indo Farm Equip.,544328,"Agricultural, Commercial & Construction Vehicles",Tractors
961,Indo National,504058,Household Products,Household Products
962,Indo Rama Synth.,500207,Textiles & Apparels,Other Textile Products
963,Indo SMC,544681,Electrical Equipment,Other Electrical Equipment
964,Indo Tech.Trans.,532717,Electrical Equipment,Heavy Electrical Equipment
965,Indo Thai Sec.,533676,Capital Markets,Stockbroking & Allied
966,Indo US Bio-Tech,541304,Agricultural Food & other Products,Other Agricultural Products
967,Indoco Remedies,532612,Pharmaceuticals & Biotechnology,Pharmaceuticals
968,Indogulf Cropsci,544432,Fertilizers & Agrochemicals,Pesticides & Agrochemicals
969,Indokem,504092,Chemicals & Petrochemicals,Specialty Chemicals
970,Indosolar,533257,Electrical Equipment,Heavy Electrical Equipment
971,Indostar Capital,541336,Finance,Non Banking Financial Company (NBFC)
972,Indrapr.Medical,532150,Healthcare Services,Hospital
973,Indraprastha Gas,532514,Gas,LPG/CNG/PNG/LNG Supplier
974,Indus Inf. Trust,544137,Transport Infrastructure,"Road AssetsToll, Annuity, Hybrid-Annuity"
975,Indus Towers,534816,Telecom - Services,Telecom - Infrastructure
976,IndusInd Bank,532187,Banks,Private Sector Bank
977,Infinium Pharma,,Pharmaceuticals & Biotechnology,Pharmaceuticals
978,Inflame Applian.,541083,Consumer Durables,Houseware
979,Influx Health.,,Pharmaceuticals & Biotechnology,Pharmaceuticals
980,Info Edg.(India),532777,Retailing,Internet & Catalogue Retail
981,InfoBeans Tech.,543644,IT - Software,Computers - Software & Consulting
982,Infollion Resea.,,Commercial Services & Supplies,Diversified Commercial Services
983,Infosys,500209,IT - Software,Computers - Software & Consulting
984,Ingersoll-Rand,500210,Industrial Products,"Compressors, Pumps & Diesel Engines"
985,Innova Captab,544067,Pharmaceuticals & Biotechnology,Pharmaceuticals
986,Innovana Think.,544302,IT - Software,Computers - Software & Consulting
987,Innovassynth Technologies,533315,Finance,Investment Company
988,Innovators,541353,Industrial Manufacturing,Industrial Products
989,Inox Green,543667,Power,Power Generation
990,Inox India,544046,Industrial Products,Other Industrial Products
991,Inox Wind,539083,Electrical Equipment,Heavy Electrical Equipment
992,Insecticid.India,532851,Fertilizers & Agrochemicals,Pesticides & Agrochemicals
993,Insolation Ener,543620,Power,Power Generation
994,Inspirisys Sol.,532774,IT - Services,IT Enabled Services
995,Integ. Industrie,531889,Finance,Holding Company
996,Integra Engg.,505358,Industrial Manufacturing,Industrial Products
997,Intellect Design,538835,IT - Software,Computers - Software & Consulting
998,Intense Tech.,532326,IT - Services,IT Enabled Services
999,Interarch Build.,544232,Construction,Civil Construction
1000,Interglobe Aviat,539448,Transport Services,Airline
1001,Interiors & More,,Consumer Durables,"Furniture, Home Furnishing"
1002,International Ge,544311,Commercial Services & Supplies,Diversified Commercial Services
1003,Intl. Conveyors,509709,Industrial Manufacturing,Industrial Products
1004,Intl. Travel Hse,500213,Leisure Services,"Tour, Travel Related Services"
1005,Inv.& Prec.Cast.,504786,Industrial Products,Castings & Forgings
1006,Inventurus Knowl,544309,IT - Services,IT Enabled Services
1007,IOL Chemicals,524164,Pharmaceuticals & Biotechnology,Pharmaceuticals
1008,ION Exchange,500214,Other Utilities,Water Supply & Management
1009,Ipca Labs.,524494,Pharmaceuticals & Biotechnology,Pharmaceuticals
1010,IRB Infra.Devl.,532947,Construction,Civil Construction
1011,IRB InvIT Fund,540526,Transport Infrastructure,"Road AssetsToll, Annuity, Hybrid-Annuity"
1012,Ircon Intl.,541956,Construction,Civil Construction
1013,Iris Clothings,,Textiles & Apparels,Garments & Apparels
1014,IRIS Regtech Solutions,540735,IT - Software,Software Products
1015,IRM Energy,544004,Gas,LPG/CNG/PNG/LNG Supplier
1016,ISGEC Heavy,533033,Construction,Civil Construction
1017,IST,508807,Auto Components,Auto Components & Equipments
1018,iStreet Network,524622,Retailing,Internet & Catalogue Retail
1019,ITC,500875,Diversified FMCG,Diversified FMCG
1020,ITC Hotels,544325,Leisure Services,Hotels & Resorts
1021,ITCONS E-Soluti.,543806,Commercial Services & Supplies,Diversified Commercial Services
1022,ITI,523610,Telecom -  Equipment & Accessories,Telecom -  Equipment & Accessories
1023,Ivalue Infosolut,544523,IT - Services,IT Enabled Services
1024,Iware Supplych.,,Transport Services,Logistics Solution Provider
1025,IZMO,532341,IT - Services,IT Enabled Services
1026,J & K Bank,532209,Banks,Private Sector Bank
1027,J B Chemicals &,506943,Pharmaceuticals & Biotechnology,Pharmaceuticals
1028,J K Cements,532644,Cement & Cement Products,Cement & Cement Products
1029,J Kumar Infra,532940,Construction,Civil Construction
1030,J.G.Chemicals,544138,Chemicals & Petrochemicals,Commodity Chemicals
1031,Jagatjit Inds.,507155,Beverages,Breweries & Distilleries
1032,Jagran Prakashan,532705,Media,Print Media
1033,Jagsonpal Pharma,507789,Pharmaceuticals & Biotechnology,Pharmaceuticals
1034,Jai Balaji Inds.,532976,Ferrous Metals,Iron & Steel
1035,Jai Corp,512237,Industrial Products,Plastic Products - Industrial
1036,Jain Irrigation,500219,Industrial Products,Plastic Products - Industrial
1037,Jain Resource,544537,Diversified Metals,Diversified Metals
1038,Jainam Ferro,,Ferrous Metals,Ferro & Silica Manganese
1039,Jamna Auto Inds.,520051,Auto Components,Auto Components & Equipments
1040,Jana Small Finan,544118,Banks,Other Bank
1041,Jaro Institute,544534,Other Consumer Services,E-Learning
1042,Jash Engineering,544402,Industrial Manufacturing,Industrial Products
1043,Jay Bharat Maru.,520066,Auto Components,Auto Components & Equipments
1044,Jay Shree Tea,509715,Agricultural Food & other Products,Tea & Coffee
1045,Jay Ushin,513252,Auto Components,Auto Components & Equipments
1046,Jayant Agro Org.,524330,Chemicals & Petrochemicals,Specialty Chemicals
1047,Jayaswal Neco,522285,Industrial Products,Iron & Steel Products
1048,Jaykay Enter.,500306,Aerospace & Defense,Aerospace & Defense
1049,JBM Auto,532605,Auto Components,Auto Components & Equipments
1050,JD Cables,544524,Industrial Products,Cables - Electricals
1051,Jeena Sikho,544476,Pharmaceuticals & Biotechnology,Pharmaceuticals
1052,Jenburkt Pharma,524731,Pharmaceuticals & Biotechnology,Pharmaceuticals
1053,Jindal Drilling,511034,Oil,Offshore Support Solution Drilling
1054,Jindal Photo,532624,Finance,Investment Company
1055,Jindal Poly Film,500227,Industrial Products,Packaging
1056,Jindal Poly Inve,536773,Finance,Investment Company
1057,Jindal Saw,500378,Industrial Products,Iron & Steel Products
1058,Jindal Stain.,532508,Ferrous Metals,Iron & Steel
1059,Jindal Steel,532286,Ferrous Metals,Iron & Steel
1060,Jindal Worldwide,531543,Textiles & Apparels,Other Textile Products
1061,Jinkushal Indus.,544547,"Agricultural, Commercial & Construction Vehicles","Dealers-Commercial Vehicles, Tractors, Construction Vehicles"
1062,Jio Financial,543940,Finance,Investment Company
1063,JITF Infra Logis,540311,Other Utilities,Water Supply & Management
1064,JK Lakshmi Cem.,500380,Cement & Cement Products,Cement & Cement Products
1065,JK Paper,532162,"Paper, Forest & Jute Products",Paper & Paper Products
1066,JK Tyre & Indust,530007,Auto Components,Tyres & Rubber Products
1067,JM Financial,523405,Finance,Holding Company
1068,JNK,544167,Industrial Manufacturing,Industrial Products
1069,John Cockerill,500147,Industrial Manufacturing,Industrial Products
1070,Josts Engg. Co.,505750,Industrial Manufacturing,Industrial Products
1071,JP Associates,532532,Construction,Civil Construction
1072,JP Power Ven.,532627,Power,Power Generation
1073,JSW Cement,544480,Cement & Cement Products,Cement & Cement Products
1074,JSW Energy,533148,Power,Power Generation
1075,JSW Holdings,532642,Finance,Investment Company
1076,JSW Infrast,543994,Transport Infrastructure,Port & Port services
1077,JSW Steel,500228,Ferrous Metals,Iron & Steel
1078,JTEKT India,520057,Auto Components,Auto Components & Equipments
1079,JTL Industries,534600,Industrial Products,Iron & Steel Products
1080,Jubilant Agri,544355,Chemicals & Petrochemicals,Specialty Chemicals
1081,Jubilant Food.,533155,Leisure Services,Restaurants
1082,Jubilant Ingrev.,543271,Chemicals & Petrochemicals,Specialty Chemicals
1083,Jubilant Pharmo,530019,Pharmaceuticals & Biotechnology,Pharmaceuticals
1084,Juniper Hotels,544129,Leisure Services,Hotels & Resorts
1085,Jupiter Life Lin,543980,Healthcare Services,Hospital
1086,Jupiter Wagons,533272,Industrial Manufacturing,Railway Wagons
1087,Just Dial,535648,Retailing,Internet & Catalogue Retail
1088,Jyothy Labs,532926,Household Products,Household Products
1089,Jyoti CNC Auto.,544081,Industrial Manufacturing,Industrial Products
1090,Jyoti Resins,514448,Chemicals & Petrochemicals,Specialty Chemicals
1091,Jyoti Structures,513250,Electrical Equipment,Heavy Electrical Equipment
1092,K C P,590066,Cement & Cement Products,Cement & Cement Products
1093,K P R Mill Ltd,532889,Textiles & Apparels,Other Textile Products
1094,K.P. Energy,539686,Power,Power Generation
1095,Kabra Extrusion,524109,Industrial Manufacturing,Industrial Products
1096,Kajaria Ceramics,500233,Consumer Durables,Ceramics
1097,Kaka Industries,543939,Industrial Products,Plastic Products - Industrial
1098,Kalpat.,544423,Realty,"Residential, Commercial Projects"
1099,Kalpataru Proj.,522287,Construction,Civil Construction
1100,Kalyan Jewellers,543278,Consumer Durables,"Gems, Jewellery And Watches"
1101,Kalyani Cast-Tec,544023,Industrial Manufacturing,Industrial Products
1102,Kalyani Invest.,533302,Finance,Investment Company
1103,Kalyani Steels,500235,Industrial Products,Iron & Steel Products
1104,Kama Holdings,532468,Finance,Holding Company
1105,Kamat Hotels,526668,Leisure Services,Hotels & Resorts
1106,Kamdhenu,532741,Industrial Products,Iron & Steel Products
1107,Kanoria Chem.,506525,Industrial Manufacturing,Industrial Products
1108,Kanpur Plastipa.,507779,Industrial Products,Packaging
1109,Kansai Nerolac,500165,Consumer Durables,Paints
1110,Kapston Services,,Commercial Services & Supplies,Diversified Commercial Services
1111,Karnataka Bank,532652,Banks,Private Sector Bank
1112,Karnika Industri,,Textiles & Apparels,Garments & Apparels
1113,Karur Vysya Bank,590003,Banks,Private Sector Bank
1114,Kaveri Seed Co.,532899,Agricultural Food & other Products,Other Agricultural Products
1115,Kaya Ltd,539276,Leisure Services,Wellness
1116,Kaynes Tech,543664,Industrial Manufacturing,Industrial Products
1117,KCP Sugar &Inds.,533192,Agricultural Food & other Products,Sugar
1118,KDDL Ltd,532054,Consumer Durables,"Gems, Jewellery And Watches"
1119,KEC International,532714,Construction,Civil Construction
1120,KEI Industries,517569,Industrial Products,Cables - Electricals
1121,Kellton Tech,519602,IT - Services,IT Enabled Services
1122,Keltech Energies,506528,Chemicals & Petrochemicals,Explosives
1123,Kennametal India,505890,Industrial Manufacturing,Industrial Products
1124,Kerala Ayurveda,530163,Pharmaceuticals & Biotechnology,Pharmaceuticals
1125,Kernex Microsys.,532686,Transport Services,Transport Related Services
1126,Kesar India,543542,Realty,"Residential, Commercial Projects"
1127,Kesoram Inds.,502937,Cement & Cement Products,Cement & Cement Products
1128,Kewal Kir.Cloth.,532732,Textiles & Apparels,Garments & Apparels
1129,Keystone Realtor,543669,Realty,"Residential, Commercial Projects"
1130,KFin Technolog.,543720,Capital Markets,"Depositories, Clearing Houses and Other Intermediaries"
1131,Khadim India,540775,Consumer Durables,Footwear
1132,Khaitan Chemical,507794,Fertilizers & Agrochemicals,Fertilizers
1133,Khazanchi Jewell,543953,Consumer Durables,"Gems, Jewellery And Watches"
1134,Kilburn Engg.,522101,Industrial Manufacturing,Industrial Products
1135,Kilitch Drugs,524500,Pharmaceuticals & Biotechnology,Pharmaceuticals
1136,Kinetic Engg.,500240,Auto Components,Auto Components & Equipments
1137,Kingfa Science,524019,Industrial Products,Plastic Products - Industrial
1138,Kings Infra,530215,Food Products,Seafood
1139,KIOCL,540680,Ferrous Metals,Sponge Iron
1140,Kiran Vyapar,537750,Finance,Non Banking Financial Company (NBFC)
1141,Kiri Industries,532967,Chemicals & Petrochemicals,Dyes And Pigments
1142,Kirl. Brothers,500241,Industrial Products,"Compressors, Pumps & Diesel Engines"
1143,Kirl. Electric,533193,Electrical Equipment,Other Electrical Equipment
1144,Kirl. Ferrous,500245,Ferrous Metals,Pig Iron
1145,Kirl.Pneumatic,505283,Industrial Products,"Compressors, Pumps & Diesel Engines"
1146,Kirloskar Indus.,500243,Industrial Products,Other Industrial Products
1147,Kirloskar Oil,533293,Industrial Products,"Compressors, Pumps & Diesel Engines"
1148,Kisan Mouldings,530145,Industrial Products,Plastic Products - Industrial
1149,Kitex Garments,521248,Textiles & Apparels,Garments & Apparels
1150,KMC Speciality,524520,Healthcare Services,Hospital
1151,KN Agri Resource,,Agricultural Food & other Products,Edible Oil
1152,Knowledge Marine,543273,Engineering Services,Dredging
1153,Knowledge Realty,544481,Realty,Real Estate Investment Trusts (REITs)
1154,KNR Construct.,532942,Construction,Civil Construction
1155,Kody Technolab,,IT - Software,Computers - Software & Consulting
1156,Kokuyo Camlin,523207,Household Products,Stationary
1157,Kolte Patil Dev.,532924,Realty,"Residential, Commercial Projects"
1158,Kopran,524280,Pharmaceuticals & Biotechnology,Pharmaceuticals
1159,Kotak Mah. Bank,500247,Banks,Private Sector Bank
1160,Kothari Indl,509732,Fertilizers & Agrochemicals,Fertilizers
1161,Kothari Petroche,,Chemicals & Petrochemicals,Petrochemicals
1162,Kothari Products,530299,Commercial Services & Supplies,Trading & Distributors
1163,Kovai Medical,523323,Healthcare Services,Hospital
1164,KP Green Engg.,544150,Electrical Equipment,Heavy Electrical Equipment
1165,KPI Green Energy,542323,Power,Power Generation
1166,KPIT Technologi.,542651,IT - Software,Computers - Software & Consulting
1167,KRBL,530813,Agricultural Food & other Products,Other Agricultural Products
1168,Krishana Phosch.,,Fertilizers & Agrochemicals,Fertilizers
1169,Krishca Strapp.,,Industrial Products,Iron & Steel Products
1170,Krishival Foods,544416,Food Products,Other Food Products
1171,Krishna Defence,,Aerospace & Defense,Aerospace & Defense
1172,Krishna Institu.,543308,Healthcare Services,Hospital
1173,Kriti Industries,526423,Industrial Products,Plastic Products - Industrial
1174,Kriti Nutrients,533210,Agricultural Food & other Products,Edible Oil
1175,KRM Ayurveda,,Pharmaceuticals & Biotechnology,Pharmaceuticals
1176,KRN Heat Exchan,544263,Industrial Products,Other Industrial Products
1177,Kronox Lab,544187,Chemicals & Petrochemicals,Specialty Chemicals
1178,Kross Ltd,544253,Auto Components,Auto Components & Equipments
1179,Krsnaa Diagnost.,543328,Healthcare Services,Healthcare Service Provider
1180,Krystal Integrat,544149,Commercial Services & Supplies,Diversified Commercial Services
1181,KSB,500249,Industrial Products,"Compressors, Pumps & Diesel Engines"
1182,KSE,519421,Food Products,Animal Feed
1183,KSH Internationa,544664,Industrial Products,Cables - Electricals
1184,Ksolves India,543599,IT - Software,Computers - Software & Consulting
1185,Kuantum Papers,532937,"Paper, Forest & Jute Products",Paper & Paper Products
1186,Kwality Pharma,539997,Pharmaceuticals & Biotechnology,Pharmaceuticals
1187,L G Balakrishnan,500250,Auto Components,Auto Components & Equipments
1188,L T Foods,532783,Agricultural Food & other Products,Other Agricultural Products
1189,L. T. Elevator,544518,Industrial Manufacturing,Industrial Products
1190,L&T Finance Ltd,533519,Finance,Non Banking Financial Company (NBFC)
1191,L&T Technology,540115,IT - Services,IT Enabled Services
1192,La Opala RG,526947,Consumer Durables,Glass - Consumer
1193,Lakshmi Mills,502958,Textiles & Apparels,Other Textile Products
1194,Lancer Containe.,539841,Transport Services,Logistics Solution Provider
1195,Landmark Cars,543714,Automobiles,Auto Dealer
1196,Larsen & Toubro,500510,Construction,Civil Construction
1197,Latent View,543398,IT - Software,Computers - Software & Consulting
1198,Laurus Labs,540222,Pharmaceuticals & Biotechnology,Pharmaceuticals
1199,Laxmi Dental,544339,Healthcare Equipment & Supplies,Medical Equipment & Supplies
1200,Laxmi Goldorna,,Consumer Durables,"Gems, Jewellery And Watches"
1201,Laxmi India Fin.,544465,Finance,Non Banking Financial Company (NBFC)
1202,Laxmi Organic,543277,Chemicals & Petrochemicals,Specialty Chemicals
1203,Le Merite Export,,Textiles & Apparels,Other Textile Products
1204,Le Travenues,544192,Leisure Services,"Tour, Travel Related Services"
1205,Leela Palaces Hotels,544408,Leisure Services,Hotels & Resorts
1206,Lehar Footwears,532829,Consumer Durables,Footwear
1207,Lemon Tree Hotel,541233,Leisure Services,Hotels & Resorts
1208,Lenskart Solut.,544600,Retailing,Speciality Retail
1209,LG Electronics,544576,Consumer Durables,Household Appliances
1210,Liberty Shoes,526596,Consumer Durables,Footwear
1211,LIC Housing Fin.,500253,Finance,Housing Finance Company
1212,Life Insurance,543526,Insurance,Life Insurance
1213,Likhami Consult.,539927,Commercial Services & Supplies,Consulting Services
1214,Likhitha Infra.,543240,Construction,Civil Construction
1215,Linc,531241,Household Products,Stationary
1216,Lincoln Pharma.,531633,Pharmaceuticals & Biotechnology,Pharmaceuticals
1217,Linde India,523457,Chemicals & Petrochemicals,Industrial Gases
1218,LKP Finance,507912,Finance,Other Financial Services
1219,Lloyds Engineeri,539992,Industrial Manufacturing,Industrial Products
1220,Lloyds Enterpris,512463,Metals & Minerals Trading,Trading - Metals
1221,Lloyds Metals,512455,Minerals & Mining,Industrial Minerals
1222,LMW,500252,Industrial Manufacturing,Industrial Products
1223,Lodha Developers,543287,Realty,"Residential, Commercial Projects"
1224,Logica Infoway,543746,Retailing,Speciality Retail
1225,Lokesh Mach.,532740,Industrial Manufacturing,Industrial Products
1226,Lords Chloro,500284,Chemicals & Petrochemicals,Commodity Chemicals
1227,Lotus Chocolate,523475,Food Products,Packaged Foods
1228,Lotus Eye Hospit,532998,Healthcare Services,Hospital
1229,LTIMindtree,540005,IT - Software,Computers - Software & Consulting
1230,Ludlow Jute,526179,"Paper, Forest & Jute Products",Jute & Jute Products
1231,Lumax Auto Tech.,532796,Auto Components,Auto Components & Equipments
1232,Lumax Industries,517206,Auto Components,Auto Components & Equipments
1233,Lupin,500257,Pharmaceuticals & Biotechnology,Pharmaceuticals
1234,Lux Industries,539542,Textiles & Apparels,Garments & Apparels
1235,M & B Engineer.,544470,Construction,Civil Construction
1236,M & M,500520,Automobiles,Passenger Cars & Utility Vehicles
1237,M & M Fin. Serv.,532720,Finance,Non Banking Financial Company (NBFC)
1238,M B Agro Prod.,,Fertilizers & Agrochemicals,Fertilizers
1239,M M Forgings,522241,Auto Components,Auto Components & Equipments
1240,M R P L,500109,Petroleum Products,Refineries & Marketing
1241,M T N L,500108,Telecom - Services,Telecom - Cellular & Fixed line services
1242,M.V.K. Agro,,Agricultural Food & other Products,Sugar
1243,Maan Aluminium,532906,Non - Ferrous Metals,Aluminium
1244,Mac Charles(I),507836,Leisure Services,Hotels & Resorts
1245,Macfos,543787,Retailing,E-Retail/ E-Commerce
1246,Macpower CNC,,Industrial Manufacturing,Industrial Products
1247,Madhav Infra,539894,Construction,Civil Construction
1248,Madhuveer Com,531910,Entertainment,"Film Production, Distribution & Exhibition"
1249,Madras Fertilize,590134,Fertilizers & Agrochemicals,Fertilizers
1250,Maestros Medi.,501209,,
1251,Mafatlal Inds.,500264,Textiles & Apparels,Other Textile Products
1252,Magadh Sugar,540650,Agricultural Food & other Products,Sugar
1253,Magellanic Cloud,538891,IT - Software,Computers - Software & Consulting
1254,Magna Electrocas,517449,Industrial Products,Castings & Forgings
1255,Mah. Scooters,500266,Finance,Investment Company
1256,Mah. Seamless,500265,Industrial Products,Iron & Steel Products
1257,Mahamaya Lifesc.,544611,Fertilizers & Agrochemicals,Pesticides & Agrochemicals
1258,Mahamaya Steel,513554,Industrial Products,Iron & Steel Products
1259,Mahanagar Gas,539957,Gas,LPG/CNG/PNG/LNG Supplier
1260,Mahindra EPC,523754,Industrial Manufacturing,Industrial Products
1261,Mahindra Holiday,533088,Leisure Services,Hotels & Resorts
1262,Mahindra Life.,532313,Realty,"Residential, Commercial Projects"
1263,Mahindra Logis.,540768,Transport Services,Logistics Solution Provider
1264,Maithan Alloys,590078,Ferrous Metals,Ferro & Silica Manganese
1265,Majestic Auto,500267,Commercial Services & Supplies,Diversified Commercial Services
1266,Mallcom (India),539400,Industrial Products,Other Industrial Products
1267,Mamata Machinery,544318,Industrial Manufacturing,Industrial Products
1268,Man Industries,513269,Industrial Products,Iron & Steel Products
1269,Man Infra,533169,Construction,Civil Construction
1270,Manaksia,532932,Industrial Products,Iron & Steel Products
1271,Manaksia Coated,539046,Industrial Products,Iron & Steel Products
1272,Manaksia Steels,539044,Ferrous Metals,Iron & Steel
1273,Manali Petrochem,500268,Chemicals & Petrochemicals,Petrochemicals
1274,Manappuram Fin.,531213,Finance,Non Banking Financial Company (NBFC)
1275,Manba Finance,544262,Finance,Non Banking Financial Company (NBFC)
1276,Manbro Indust.,512595,Consumer Durables,"Gems, Jewellery And Watches"
1277,Mangal Credit,505850,Finance,Non Banking Financial Company (NBFC)
1278,Mangal Electrica,544492,Electrical Equipment,Other Electrical Equipment
1279,Mangalam Cement,502157,Cement & Cement Products,Cement & Cement Products
1280,Mangalam Global,544273,Agricultural Food & other Products,Other Agricultural Products
1281,Mangalam Organic,514418,Chemicals & Petrochemicals,Commodity Chemicals
1282,Mangalam World.,,Metals & Minerals Trading,Trading - Metals
1283,Mankind Pharma,543904,Pharmaceuticals & Biotechnology,Pharmaceuticals
1284,Manoj Vaibhav,543995,Consumer Durables,"Gems, Jewellery And Watches"
1285,Manomay Tex Indi,540396,Textiles & Apparels,Other Textile Products
1286,Manorama Indust.,541974,Food Products,Other Food Products
1287,Marathon Nextgen,503101,Realty,"Residential, Commercial Projects"
1288,Marble City,531281,Other Construction Materials,Other Construction Materials
1289,Marico,531642,Agricultural Food & other Products,Edible Oil
1290,Marine Electric.,,Industrial Manufacturing,Industrial Products
1291,Markolines Pavem,543364,Construction,Civil Construction
1292,Marksans Pharma,524404,Pharmaceuticals & Biotechnology,Pharmaceuticals
1293,Marsons,517467,Electrical Equipment,Other Electrical Equipment
1294,Maruti Interior,543464,Consumer Durables,Houseware
1295,Maruti Suzuki,532500,Automobiles,Passenger Cars & Utility Vehicles
1296,MAS FINANC SER,540749,Finance,Non Banking Financial Company (NBFC)
1297,Mason Infratech,,Realty,"Residential, Commercial Projects"
1298,Mastek,523704,IT - Software,Computers - Software & Consulting
1299,Master Trust,511768,Capital Markets,Stockbroking & Allied
1300,Matrimony.com,540704,Retailing,Internet & Catalogue Retail
1301,Mawana Sugars,523371,Agricultural Food & other Products,Sugar
1302,Max Estates,544008,Realty,"Residential, Commercial Projects"
1303,Max Financial,500271,Insurance,Life Insurance
1304,Max Healthcare,543220,Healthcare Services,Hospital
1305,Max India Ltd,543223,Finance,Holding Company
1306,Maxgrow India,521167,Consumer Durables,"Gems, Jewellery And Watches"
1307,Maxvolt Energy,,Auto Components,Auto Components & Equipments
1308,Mayur Uniquoters,522249,Consumer Durables,Leather And Leather Products
1309,Mazagon Dock,543237,Industrial Manufacturing,Ship Building & Allied Services
1310,Mazda,523792,Industrial Manufacturing,Industrial Products
1311,MBL Infrast,533152,Construction,Civil Construction
1312,Mcleod Russel,532654,Agricultural Food & other Products,Tea & Coffee
1313,Medi Assist Ser.,544088,Insurance,Insurance Distributors
1314,Media Matrix,512267,Entertainment,"Film Production, Distribution & Exhibition"
1315,Medicamen Biotec,531146,Pharmaceuticals & Biotechnology,Pharmaceuticals
1316,Medico Remedies,540937,Pharmaceuticals & Biotechnology,Pharmaceuticals
1317,Medplus Health,543427,Retailing,Pharmacy Retail
1318,Meesho,544632,Retailing,E-Retail/ E-Commerce
1319,Megasoft,532408,Telecom - Services,Other Telecom Services
1320,Megastar Foods,541352,Food Products,Other Food Products
1321,Megatherm Indu.,,Industrial Products,Other Industrial Products
1322,Meghmani Organi.,543331,Fertilizers & Agrochemicals,Pesticides & Agrochemicals
1323,Meghna Infracon,538668,Realty,"Residential, Commercial Projects"
1324,Menon Bearings,523828,Auto Components,Auto Components & Equipments
1325,Menon Pistons,531727,Auto Components,Auto Components & Equipments
1326,Mercantile Vent.,538942,Commercial Services & Supplies,Diversified Commercial Services
1327,Mercury EV-Tech,531357,Automobiles,Passenger Cars & Utility Vehicles
1328,Metro Brands,543426,Consumer Durables,Footwear
1329,Metropolis Healt,542650,Healthcare Services,Healthcare Service Provider
1330,MIC Electronics,532850,Industrial Products,Other Industrial Products
1331,Midwest,544587,Consumer Durables,Granites & Marbles
1332,Midwest Gold,526570,Other Construction Materials,Other Construction Materials
1333,Minda Corp,538962,Auto Components,Auto Components & Equipments
1334,Mindspace Busine,543217,Realty,Real Estate Investment Trusts (REITs)
1335,Mindteck (India),517344,IT - Software,Computers - Software & Consulting
1336,Mini Diamonds(I),523373,Consumer Durables,"Gems, Jewellery And Watches"
1337,MIRC Electronics,500279,Consumer Durables,Consumer Electronics
1338,Mirza Internatio,526642,Consumer Durables,Leather And Leather Products
1339,Mishra Dhatu Nig,541195,Aerospace & Defense,Aerospace & Defense
1340,Mishtann Foods,539594,Food Products,Packaged Foods
1341,Mizzen Ventures,531537,Commercial Services & Supplies,Diversified Commercial Services
1342,MKVentures Cap.,514238,Finance,Investment Company
1343,MMP Industries,,Non - Ferrous Metals,Aluminium
1344,MMTC,513377,Commercial Services & Supplies,Trading & Distributors
1345,Mobavenue AI Tech,539682,IT - Software,Software Products
1346,Modern Insulator,515008,Electrical Equipment,Other Electrical Equipment
1347,Modi Naturals,519003,Agricultural Food & other Products,Other Agricultural Products
1348,Modi Rubber,500890,Auto Components,Tyres & Rubber Products
1349,Modi's Navnirman,543539,Realty,"Residential, Commercial Projects"
1350,Modison,506261,Electrical Equipment,Other Electrical Equipment
1351,MOIL,533286,Minerals & Mining,Industrial Minerals
1352,Mold-Tek Pack.,533080,Industrial Products,Packaging
1353,Mold-Tek Technol,526263,Construction,Civil Construction
1354,Monarch Networth,511551,Capital Markets,Stockbroking & Allied
1355,Monarch Surve.,544453,Commercial Services & Supplies,Consulting Services
1356,Moneyboxx Fin.,538446,Finance,Non Banking Financial Company (NBFC)
1357,Monika Alcobev,544451,Beverages,Breweries & Distilleries
1358,Monolithisch Ind,,Industrial Products,Electrodes & Refractories
1359,Monte Carlo Fas.,538836,Textiles & Apparels,Garments & Apparels
1360,Morepen Labs.,500288,Pharmaceuticals & Biotechnology,Pharmaceuticals
1361,Morganite Crucib,523160,Industrial Products,Electrodes & Refractories
1362,MOS Utility,,Financial Technology (Fintech),Financial Technology (Fintech)
1363,Moschip Tech.,532407,IT - Hardware,Computers Hardware & Equipments
1364,Motherson Wiring,543498,Auto Components,Auto Components & Equipments
1365,Motil.Oswal.Fin.,532892,Capital Markets,Stockbroking & Allied
1366,Motisons Jewel,544053,Consumer Durables,"Gems, Jewellery And Watches"
1367,Mphasis,526299,IT - Software,Computers - Software & Consulting
1368,MPS,532440,Other Consumer Services,E-Learning
1369,MRF,500290,Auto Components,Tyres & Rubber Products
1370,Mrs Bectors,543253,Food Products,Packaged Foods
1371,Msafe Equipments,544695,,
1372,MSP Steel & Pow.,532650,Industrial Products,Iron & Steel Products
1373,MSTC,542597,Commercial Services & Supplies,Trading & Distributors
1374,MTAR Technologie,543270,Aerospace & Defense,Aerospace & Defense
1375,Mufin Green,542774,Finance,Non Banking Financial Company (NBFC)
1376,Mukand,500460,Ferrous Metals,Iron & Steel
1377,Mukka Proteins,544135,Food Products,Animal Feed
1378,Multi Comm. Exc.,534091,Capital Markets,Exchange and Data Platform
1379,Multibase India,526169,Chemicals & Petrochemicals,Specialty Chemicals
1380,Munjal Auto Inds,520059,Auto Components,Auto Components & Equipments
1381,Munjal Showa,520043,Auto Components,Auto Components & Equipments
1382,Muthoot Cap.Serv,511766,Finance,Non Banking Financial Company (NBFC)
1383,Muthoot Finance,533398,Finance,Non Banking Financial Company (NBFC)
1384,Muthoot Microfin,544055,Finance,Microfinance Institutions
1385,N R Agarwal Inds,516082,"Paper, Forest & Jute Products",Paper & Paper Products
1386,N S D L,544467,Capital Markets,"Depositories, Clearing Houses and Other Intermediaries"
1387,NACL Industries,524709,Fertilizers & Agrochemicals,Pesticides & Agrochemicals
1388,Naga Dhunseri,,Finance,Non Banking Financial Company (NBFC)
1389,Nagarjuna Fert.,539917,Fertilizers & Agrochemicals,Fertilizers
1390,Nahar Capital,532952,Finance,Investment Company
1391,Nahar Indl. Ent.,519136,Textiles & Apparels,Other Textile Products
1392,Nahar Poly,523391,Industrial Products,Packaging
1393,Nahar Spinning,500296,Textiles & Apparels,Other Textile Products
1394,Nalwa Sons Invst,532256,Finance,Investment Company
1395,Namo eWaste,,Other Utilities,Waste Management
1396,Nandan Denim,532641,Textiles & Apparels,Other Textile Products
1397,Naperol Invest.,500298,Finance,Investment Company
1398,Narayana Hrudaya,539551,Healthcare Services,Hospital
1399,Natco Pharma,524816,Pharmaceuticals & Biotechnology,Pharmaceuticals
1400,Nath Bio-Genes,537291,Agricultural Food & other Products,Other Agricultural Products
1401,National High,543385,Transport Infrastructure,"Road AssetsToll, Annuity, Hybrid-Annuity"
1402,National Standar,504882,Realty,"Residential, Commercial Projects"
1403,Natl. Aluminium,532234,Non - Ferrous Metals,Aluminium
1404,Natl.Fertilizer,523630,Fertilizers & Agrochemicals,Fertilizers
1405,Nava,513023,Power,Power Generation
1406,Navin Fluo.Intl.,532504,Chemicals & Petrochemicals,Specialty Chemicals
1407,Navkar Corporat.,539332,Transport Services,Logistics Solution Provider
1408,Navneet Educat.,508989,Printing & Publication,Printing & Publication
1409,Nazara Technolo.,543280,Entertainment,Digital Entertainment
1410,NBCC,534309,Construction,Civil Construction
1411,NBI Indl. Fin.,,Finance,Non Banking Financial Company (NBFC)
1412,NCC,500294,Construction,Civil Construction
1413,NCL Industries,502168,Cement & Cement Products,Cement & Cement Products
1414,NDL Ventures,500189,Finance,Other Financial Services
1415,NDR Auto Compon.,543214,Auto Components,Auto Components & Equipments
1416,NDR INVIT Trust,,Commercial Services & Supplies,Diversified Commercial Services
1417,NDTV,532529,Entertainment,TV Broadcasting & Software Production
1418,Nectar Lifesci.,532649,Pharmaceuticals & Biotechnology,Pharmaceuticals
1419,Neetu Yoshi,544434,Industrial Products,Castings & Forgings
1420,Nelcast,532864,Industrial Products,Castings & Forgings
1421,NELCO,504112,IT - Hardware,Computers Hardware & Equipments
1422,Neogen Chemicals,542665,Chemicals & Petrochemicals,Specialty Chemicals
1423,Nephrocare Health Services,544647,Healthcare Services,Healthcare Service Provider
1424,Neptune Pet.,,Chemicals & Petrochemicals,Petrochemicals
1425,NESCO,505355,Commercial Services & Supplies,Diversified Commercial Services
1426,Nestle India,500790,Food Products,Packaged Foods
1427,Netweb Technol.,543945,IT - Services,IT Enabled Services
1428,Network People,544396,IT - Services,IT Enabled Services
1429,Netwrk.18 Media,532798,Entertainment,Media & Entertainment
1430,Neuland Labs.,524558,Pharmaceuticals & Biotechnology,Pharmaceuticals
1431,New India Assura,540769,Insurance,General Insurance
1432,Newgen Software,540900,IT - Software,Computers - Software & Consulting
1433,Nexus Select,543913,Realty,Real Estate Investment Trusts (REITs)
1434,NGL Fine Chem,524774,Pharmaceuticals & Biotechnology,Pharmaceuticals
1435,NHPC Ltd,533098,Power,Power Generation
1436,NIBE,535136,Aerospace & Defense,Aerospace & Defense
1437,Nicco Parks,526721,Leisure Services,Amusement Parks/ Other Recreation
1438,Nidhi Granites,512103,Other Construction Materials,Other Construction Materials
1439,NIIT,500304,Other Consumer Services,Education
1440,NIIT Learning,543952,Other Consumer Services,Education
1441,Nikhil Adhesives,526159,Chemicals & Petrochemicals,Specialty Chemicals
1442,Nikita Greentech Recycling,,"Paper, Forest & Jute Products",Paper & Paper Products
1443,Nila Infrastruct,530377,Realty,"Residential, Commercial Projects"
1444,Nila Spaces,542231,Realty,"Residential, Commercial Projects"
1445,NILE,530129,Minerals & Mining,Industrial Minerals
1446,Nilkamal Ltd,523385,Consumer Durables,Plastic Products - Consumer
1447,Nimbus Projects,511714,Realty,"Residential, Commercial Projects"
1448,NINtec Systems,539843,IT - Software,Computers - Software & Consulting
1449,Nippon Life Ind.,540767,Capital Markets,Asset Management Company
1450,Nirlon,500307,Commercial Services & Supplies,Diversified Commercial Services
1451,Nisus Finance,544296,Finance,Holding Company
1452,Nitco,532722,Consumer Durables,Ceramics
1453,Nitin Castings,508875,Industrial Products,Castings & Forgings
1454,Nitin Spinners,532698,Textiles & Apparels,Other Textile Products
1455,Nitta Gelatin,506532,Chemicals & Petrochemicals,Specialty Chemicals
1456,Niva Bupa Health,544286,Insurance,General Insurance
1457,Niyogin Fintech,538772,Finance,Non Banking Financial Company (NBFC)
1458,NLC India,513683,Power,Power Generation
1459,NMDC,526371,Minerals & Mining,Industrial Minerals
1460,NMDC Steel,543768,Ferrous Metals,Iron & Steel
1461,NOCIL,500730,Chemicals & Petrochemicals,Specialty Chemicals
1462,Northern ARC,544260,Finance,Non Banking Financial Company (NBFC)
1463,Nova Agritech,544100,Fertilizers & Agrochemicals,Fertilizers
1464,Novartis India,500672,Pharmaceuticals & Biotechnology,Pharmaceuticals
1465,NRB Bearings,530367,Auto Components,Auto Components & Equipments
1466,NTC Industries,526723,Cigarettes & Tobacco Products,Cigarettes & Tobacco Products
1467,NTPC,532555,Power,Power Generation
1468,NTPC Green Ene.,544289,Power,Power Generation
1469,Nucleus Soft.,531209,IT - Software,Software Products
1470,Nupur Recyclers,,Metals & Minerals Trading,Trading - Metals
1471,Nureca,543264,Healthcare Equipment & Supplies,Medical Equipment & Supplies
1472,Nutricircle,530219,Food Products,Other Food Products
1473,Nuvama Wealth,543988,Capital Markets,Stockbroking & Allied
1474,Nuvoco Vistas,543334,Cement & Cement Products,Cement & Cement Products
1475,O N G C,500312,Oil,Oil Exploration & Production
1476,Oberoi Realty,533273,Realty,"Residential, Commercial Projects"
1477,OBSC Perfection,,Auto Components,Auto Components & Equipments
1478,OCCL,544278,Chemicals & Petrochemicals,Commodity Chemicals
1479,Oil Country,500313,Oil,Oil Equipment & Services
1480,Oil India,533106,Oil,Oil Exploration & Production
1481,Ola Electric,544225,Automobiles,2/3 Wheelers
1482,Olectra Greentec,532439,Automobiles,Passenger Cars & Utility Vehicles
1483,Om Freight Forwa,544564,Transport Services,Logistics Solution Provider
1484,Om Infra,531092,Construction,Civil Construction
1485,Omansh Enterpri.,538537,Commercial Services & Supplies,Trading & Distributors
1486,Omax Autos,520021,Auto Components,Auto Components & Equipments
1487,Omaxe,532880,Realty,"Residential, Commercial Projects"
1488,One 97,543396,Financial Technology (Fintech),Financial Technology (Fintech)
1489,One Global Serv,514330,Healthcare Services,Healthcare Service Provider
1490,One Mobikwik,544305,Financial Technology (Fintech),Financial Technology (Fintech)
1491,One Point One,,Commercial Services & Supplies,Business Process Outsourcing (BPO)/ Knowledge Process Outsourcing (KPO)
1492,OneSource Speci.,544292,Pharmaceuticals & Biotechnology,Pharmaceuticals
1493,Onix Solar,513119,Non - Ferrous Metals,Copper
1494,OnMobile Global,532944,Media,Web based media and service
1495,Onward Technolog,517536,IT - Services,IT Enabled Services
1496,Optiemus Infra.,530135,Telecom -  Equipment & Accessories,Telecom -  Equipment & Accessories
1497,Oracle Fin.Serv.,532466,IT - Software,Software Products
1498,Orbit Exports,512626,Textiles & Apparels,Other Textile Products
1499,Orchid Pharma,524372,Pharmaceuticals & Biotechnology,Pharmaceuticals
1500,Oriana Power Ltd,,Electrical Equipment,Other Electrical Equipment
1501,Oricon Enterpris,513121,Industrial Products,Packaging
1502,Orient Bell,530365,Consumer Durables,Ceramics
1503,Orient Cement,535754,Cement & Cement Products,Cement & Cement Products
1504,Orient Ceratech,504879,Industrial Products,Electrodes & Refractories
1505,Orient Electric,541301,Consumer Durables,Household Appliances
1506,Orient Green,533263,Power,Power Generation
1507,Orient Paper,502420,"Paper, Forest & Jute Products",Paper & Paper Products
1508,Orient Tech.,544235,IT - Services,IT Enabled Services
1509,Oriental Aromat.,500078,Chemicals & Petrochemicals,Specialty Chemicals
1510,Oriental Hotels,500314,Leisure Services,Hotels & Resorts
1511,Oriental Rail,531859,Industrial Products,Other Industrial Products
1512,Orissa Minerals,590086,Minerals & Mining,Industrial Minerals
1513,Orkla India,544595,Food Products,Other Food Products
1514,OSEL Devices,,Healthcare Equipment & Supplies,Medical Equipment & Supplies
1515,Oswal Agro Mills,500317,Commercial Services & Supplies,Trading & Distributors
1516,Oswal Green Tech,539290,Finance,Investment Company
1517,Oswal Pumps,544418,Industrial Products,"Compressors, Pumps & Diesel Engines"
1518,Owais Metal,,Ferrous Metals,Ferro & Silica Manganese
1519,P & G Health Ltd,500126,Pharmaceuticals & Biotechnology,Pharmaceuticals
1520,P & G Hygiene,500459,Personal Products,Personal Care
1521,P I Industries,523642,Fertilizers & Agrochemicals,Pesticides & Agrochemicals
1522,P N Gadgil Jewe.,544256,Consumer Durables,"Gems, Jewellery And Watches"
1523,Pace Digitek,544550,Telecom - Services,Telecom - Infrastructure
1524,Page Industries,532827,Textiles & Apparels,Garments & Apparels
1525,Paisalo Digital,532900,Finance,Non Banking Financial Company (NBFC)
1526,Pajson Agro,544657,Food Products,Other Food Products
1527,Pakka,516030,"Paper, Forest & Jute Products",Paper & Paper Products
1528,Panacea Biotec,531349,Pharmaceuticals & Biotechnology,Pharmaceuticals
1529,Panache Digilife,,IT - Services,IT Enabled Services
1530,Panama Petrochem,524820,Petroleum Products,Lubricants
1531,Panasonic Energy,504093,Household Products,Household Products
1532,Panchmahal Steel,513511,Industrial Products,Iron & Steel Products
1533,Panorama Studios,539469,Entertainment,"Film Production, Distribution & Exhibition"
1534,Pansari Develop.,,Realty,"Residential, Commercial Projects"
1535,Paradeep Pari.,544383,Transport Services,Logistics Solution Provider
1536,Paradeep Phosph.,543530,Fertilizers & Agrochemicals,Fertilizers
1537,Parag Milk Foods,539889,Food Products,Dairy Products
1538,Paramount Comm.,530555,Industrial Products,Cables - Electricals
1539,Paras Defence,543367,Aerospace & Defense,Aerospace & Defense
1540,Parin Enterpris.,,Consumer Durables,"Furniture, Home Furnishing"
1541,Park Medi World,544645,Healthcare Services,Hospital
1542,Parsvnath Devl.,532780,Realty,"Residential, Commercial Projects"
1543,Parth Electrical,,Electrical Equipment,Other Electrical Equipment
1544,Pashupati Cotsp.,544448,Textiles & Apparels,Other Textile Products
1545,Pasupati Acrylon,500456,Chemicals & Petrochemicals,Petrochemicals
1546,Patanjali Foods,500368,Agricultural Food & other Products,Edible Oil
1547,Patel Engineerin,531120,Construction,Civil Construction
1548,Patel Retail,544487,Retailing,Diversified Retail
1549,Patil Automation,,Industrial Manufacturing,Industrial Products
1550,Paushak,532742,Chemicals & Petrochemicals,Specialty Chemicals
1551,Pavna Industries,543915,Auto Components,Auto Components & Equipments
1552,PB Fintech.,543390,Financial Technology (Fintech),Financial Technology (Fintech)
1553,PC Jeweller,534809,Consumer Durables,"Gems, Jewellery And Watches"
1554,PCBL Chemical,506590,Chemicals & Petrochemicals,Carbon Black
1555,PDS,538730,Textiles & Apparels,Trading - Textile Products
1556,Pearl Global Ind,532808,Textiles & Apparels,Garments & Apparels
1557,Pelatro,,Media,Web based media and service
1558,Peninsula Land,503031,Realty,"Residential, Commercial Projects"
1559,Pennar Industrie,513228,Industrial Manufacturing,Industrial Products
1560,Permanent Magnet,504132,Electrical Equipment,Other Electrical Equipment
1561,Persistent Systems,533179,IT - Software,Computers - Software & Consulting
1562,Petro Carbon,,Minerals & Mining,Industrial Minerals
1563,Petronet LNG,532522,Gas,LPG/CNG/PNG/LNG Supplier
1564,Pfizer,500680,Pharmaceuticals & Biotechnology,Pharmaceuticals
1565,PG Electroplast,533581,Consumer Durables,Consumer Electronics
1566,PG Foils,526747,Non - Ferrous Metals,Aluminium
1567,Phantom Digital,,Entertainment,Media & Entertainment
1568,Phoenix Mills,503100,Realty,"Residential, Commercial Projects"
1569,Physicswallah,544609,Other Consumer Services,E-Learning
1570,Piccadily Agro,530305,Beverages,Breweries & Distilleries
1571,Pidilite Inds.,500331,Chemicals & Petrochemicals,Specialty Chemicals
1572,Pilani Invest.,539883,Finance,Holding Company
1573,Pine Labs,544606,Financial Technology (Fintech),Financial Technology (Fintech)
1574,Piramal Finance.,544597,Finance,Housing Finance Company
1575,Piramal Pharma,543635,Pharmaceuticals & Biotechnology,Pharmaceuticals
1576,Pitti Engg.,513519,Industrial Manufacturing,Industrial Products
1577,Pix Transmission,500333,Industrial Products,Rubber
1578,Plastiblends (I),523648,Chemicals & Petrochemicals,Specialty Chemicals
1579,Platinum Industr,544134,Chemicals & Petrochemicals,Specialty Chemicals
1580,PNB Gilts,532366,Finance,Investment Company
1581,PNB Housing,540173,Finance,Housing Finance Company
1582,PNC Infratech,539150,Construction,Civil Construction
1583,PNGS Gargi FJ,543709,Consumer Durables,"Gems, Jewellery And Watches"
1584,POCL Enterprises,539195,Chemicals & Petrochemicals,Commodity Chemicals
1585,Poddar Pigments,524570,Chemicals & Petrochemicals,Dyes And Pigments
1586,Pokarna,532486,Consumer Durables,Granites & Marbles
1587,Polo Queen Ind.,540717,Commercial Services & Supplies,Trading & Distributors
1588,Poly Medicure,531768,Healthcare Equipment & Supplies,Medical Equipment & Supplies
1589,Polycab India,542652,Industrial Products,Cables - Electricals
1590,Polyplex Corpn,524051,Industrial Products,Packaging
1591,Polysil Irrigati,,Industrial Products,Plastic Products - Industrial
1592,Pondy Oxides,532626,Diversified Metals,Diversified Metals
1593,Poonawalla Fin,524000,Finance,Non Banking Financial Company (NBFC)
1594,Popular Vehicles,544144,Automobiles,Auto Dealer
1595,Power Fin.Corpn.,532810,Finance,Financial Institution
1596,Power Grid Corpn,532898,Power,Power - Transmission
1597,Power Mech Proj.,539302,Construction,Civil Construction
1598,Powergrid Infra.,543290,Power,Power - Transmission
1599,PPAP Automotive,532934,Auto Components,Auto Components & Equipments
1600,Prabha Energy,544379,Oil,Oil Exploration & Production
1601,Pradeep Metals,513532,Auto Components,Auto Components & Equipments
1602,Praj Industries,522205,Industrial Manufacturing,Industrial Products
1603,Prakash Industri,506022,Ferrous Metals,Iron & Steel
1604,Prakash Pipes,542684,Industrial Products,Plastic Products - Industrial
1605,Pramara Promotio,,Media,Advertising & Media Agencies
1606,Prataap Snacks,540724,Food Products,Packaged Foods
1607,Praveg,531637,Leisure Services,Hotels & Resorts
1608,Prec. Wires (I),523539,Industrial Products,"Aluminium, Copper & Zinc Products"
1609,Precision Camshf,539636,Auto Components,Auto Components & Equipments
1610,Precot,,Textiles & Apparels,Other Textile Products
1611,Prem. Explosives,526247,Chemicals & Petrochemicals,Explosives
1612,Premier Energies,544238,Electrical Equipment,Other Electrical Equipment
1613,Premier Polyfilm,514354,Industrial Products,Plastic Products - Industrial
1614,Prestige Estates,533274,Realty,"Residential, Commercial Projects"
1615,Prevest Denpro,543363,Healthcare Equipment & Supplies,Medical Equipment & Supplies
1616,Pricol Ltd,540293,Auto Components,Auto Components & Equipments
1617,Prime Focus,532748,Entertainment,Media & Entertainment
1618,Prime Fresh,540404,Agricultural Food & other Products,Other Agricultural Products
1619,Prime Securities,500337,Finance,Other Financial Services
1620,Primo Chemicals,506852,Chemicals & Petrochemicals,Commodity Chemicals
1621,Prince Pipes,542907,Industrial Products,Plastic Products - Industrial
1622,Prism Johnson,500338,Cement & Cement Products,Cement & Cement Products
1623,Privi Speci.,530117,Chemicals & Petrochemicals,Specialty Chemicals
1624,Prizor Viztech,,Industrial Manufacturing,Industrial Products
1625,PropsharePlatina,544295,,
1626,PropshareTitania,544462,Realty,Real Estate Investment Trusts (REITs)
1627,Prostarm Info,544410,Electrical Equipment,Other Electrical Equipment
1628,Protean eGov,544021,IT - Services,IT Enabled Services
1629,Proventus Agro.,,Food Products,Other Food Products
1630,Prozone Realty,534675,Realty,"Residential, Commercial Projects"
1631,Prudent Corp.,543527,Capital Markets,Financial Products Distributor
1632,PSP Projects,540544,Construction,Civil Construction
1633,PTC India,532524,Power,Power Trading
1634,PTC India Fin,533344,Finance,Non Banking Financial Company (NBFC)
1635,PTC Industries,539006,Industrial Products,Other Industrial Products
1636,PTL Enterprises,509220,Commercial Services & Supplies,Diversified Commercial Services
1637,Pudumjee Paper,539785,"Paper, Forest & Jute Products",Paper & Paper Products
1638,Pun. & Sind Bank,533295,Banks,Public Sector Bank
1639,Pune e,544141,Capital Markets,Stockbroking & Allied
1640,Punjab Chemicals,506618,Fertilizers & Agrochemicals,Pesticides & Agrochemicals
1641,Punjab Natl.Bank,532461,Banks,Public Sector Bank
1642,Puravankara,532891,Realty,"Residential, Commercial Projects"
1643,Purple Finance,544191,Finance,Non Banking Financial Company (NBFC)
1644,Purple United,,Textiles & Apparels,Garments & Apparels
1645,PVP Ventures,517556,Realty,"Residential, Commercial Projects"
1646,PVR Inox,532689,Entertainment,"Film Production, Distribution & Exhibition"
1647,Pyramid Technopl,543969,Industrial Products,Packaging
1648,Quadrant Future,544336,Industrial Products,Cables - Electricals
1649,Qualitek Labs,544091,Commercial Services & Supplies,Consulting Services
1650,Quality Power El,544367,Electrical Equipment,Heavy Electrical Equipment
1651,Quess Corp,539978,Commercial Services & Supplies,Diversified Commercial Services
1652,Quest Capital,500069,Capital Markets,Other Capital Market related Services
1653,Quick Heal Tech,539678,IT - Software,Software Products
1654,R C F,524230,Fertilizers & Agrochemicals,Fertilizers
1655,R K Swamy,544136,Media,Advertising & Media Agencies
1656,R M Drip & Sprin,544456,Industrial Products,Plastic Products - Industrial
1657,R R Kabel,543981,Industrial Products,Cables - Electricals
1658,R Systems Intl.,532735,IT - Services,IT Enabled Services
1659,R&B Denims,538119,Textiles & Apparels,Other Textile Products
1660,RACL Geartech,520073,Auto Components,Auto Components & Equipments
1661,Radhika Jeweltec,540125,Consumer Durables,"Gems, Jewellery And Watches"
1662,Radiant Cash,543732,Commercial Services & Supplies,Diversified Commercial Services
1663,Radico Khaitan,532497,Beverages,Breweries & Distilleries
1664,Radix Industries,531412,Personal Products,Personal Care
1665,Raghav Product.,539837,Industrial Products,Electrodes & Refractories
1666,Raghuvir Synth,514316,Textiles & Apparels,Other Textile Products
1667,Rail Vikas,542649,Construction,Civil Construction
1668,Railtel Corpn.,543265,Telecom - Services,Other Telecom Services
1669,Rain Industries,500339,Chemicals & Petrochemicals,Petrochemicals
1670,Rainbow Child.,543524,Healthcare Services,Hospital
1671,Rainbow Foundat.,531694,Realty,"Residential, Commercial Projects"
1672,Raj Rayon Inds.,530699,Textiles & Apparels,Other Textile Products
1673,Rajapalayam Mill,532503,Textiles & Apparels,Other Textile Products
1674,Rajesh Exports,531500,Consumer Durables,"Gems, Jewellery And Watches"
1675,Rajesh Power,544291,Other Utilities,Multi Utilities
1676,Rajoo Engineers,522257,Industrial Manufacturing,Industrial Products
1677,Rajratan Global,517522,Auto Components,Auto Components & Equipments
1678,Rallis India,500355,Fertilizers & Agrochemicals,Pesticides & Agrochemicals
1679,Ram Ratna Wires,522281,Electrical Equipment,Other Electrical Equipment
1680,Rama Phosphates,524037,Fertilizers & Agrochemicals,Fertilizers
1681,Rama Steel Tubes,539309,Industrial Products,Iron & Steel Products
1682,Ramco Inds.,532369,Other Construction Materials,Other Construction Materials
1683,Ramco Systems,532370,IT - Software,Software Products
1684,Ramkrishna Forg.,532527,Auto Components,Auto Components & Equipments
1685,Ramky Infra,533262,Construction,Civil Construction
1686,Rane (Madras),532661,Auto Components,Auto Components & Equipments
1687,Rane Holdings,505800,Finance,Holding Company
1688,Rashi Peripheral,544119,IT - Hardware,Computers Hardware & Equipments
1689,Rategain Travel,543417,IT - Software,Computers - Software & Consulting
1690,Ratnabhumi Dev.,540796,Realty,"Residential, Commercial Projects"
1691,Ratnamani Metals,520111,Industrial Products,Iron & Steel Products
1692,Ratnaveer Precis,543978,Industrial Products,Iron & Steel Products
1693,RattanIndia Ent,534597,Retailing,E-Retail/ E-Commerce
1694,RattanIndia Pow.,533122,Power,Power Generation
1695,Ravinder Heights,543251,Realty,"Residential, Commercial Projects"
1696,Ravindra Energy,504341,Electrical Equipment,Other Electrical Equipment
1697,Raymond,500330,Realty,"Residential, Commercial Projects"
1698,Raymond Lifestyl,544240,Textiles & Apparels,Other Textile Products
1699,Raymond Realty,544420,Realty,"Residential, Commercial Projects"
1700,RBL Bank,540065,Banks,Private Sector Bank
1701,RBM Infracon,,Commercial Services & Supplies,Diversified Commercial Services
1702,RBZ Jewellers Lt,544060,Consumer Durables,"Gems, Jewellery And Watches"
1703,RDB Infrastruc.,533285,Realty,"Residential, Commercial Projects"
1704,RDB Rasayans,533608,Industrial Products,Packaging
1705,RDB Real Estate,544346,Realty,"Residential, Commercial Projects"
1706,REC Ltd,532955,Finance,Financial Institution
1707,Redington,532805,Commercial Services & Supplies,Trading & Distributors
1708,Redtape,543957,Consumer Durables,Footwear
1709,Refex Industries,532884,Chemicals & Petrochemicals,Industrial Gases
1710,Regaal Resources,544485,Agricultural Food & other Products,Other Agricultural Products
1711,Rel. Indl. Infra,523445,Transport Services,Logistics Solution Provider
1712,Relaxo Footwear,530517,Consumer Durables,Footwear
1713,Reliance Communi,532712,Telecom - Services,Telecom - Cellular & Fixed line services
1714,Reliance Industr,500325,Petroleum Products,Refineries & Marketing
1715,Reliance Infra.,500390,Power,Integrated Power Utilities
1716,Reliance Power,532939,Power,Power Generation
1717,Religare Enterp.,532915,Finance,Investment Company
1718,Remsons Ind,530919,Auto Components,Auto Components & Equipments
1719,Remus Pharma.,,Pharmaceuticals & Biotechnology,Pharmaceuticals
1720,Renaiss. Global,532923,Consumer Durables,"Gems, Jewellery And Watches"
1721,Repco Home Fin,535322,Finance,Housing Finance Company
1722,Repro India,532687,Printing & Publication,Printing & Publication
1723,Responsive Ind,505509,Consumer Durables,"Furniture, Home Furnishing"
1724,Restaurant Brand,543248,Leisure Services,Restaurants
1725,Rhetan TMT Ltd,543590,Industrial Products,Iron & Steel Products
1726,RHI Magnesita,534076,Industrial Products,Electrodes & Refractories
1727,Rico Auto Inds,520008,Auto Components,Auto Components & Equipments
1728,Riddhi Siddhi Gl,524480,Commercial Services & Supplies,Trading & Distributors
1729,Riddhi Steel,540082,Industrial Products,Iron & Steel Products
1730,RIR Power Electr,517035,Electrical Equipment,Other Electrical Equipment
1731,Rishabh Instrum.,543977,Electrical Equipment,Other Electrical Equipment
1732,Ritco Logistics,542383,Transport Services,Logistics Solution Provider
1733,Rites,541556,Construction,Civil Construction
1734,RMC Switchgears,540358,Electrical Equipment,Other Electrical Equipment
1735,RNFI Services,,Finance,Other Financial Services
1736,RNIT AI Solution,517286,Auto Components,Auto Components & Equipments
1737,Roadstar Infra,544374,Transport Infrastructure,"Road AssetsToll, Annuity, Hybrid-Annuity"
1738,Robust Hotels,543901,Leisure Services,Hotels & Resorts
1739,Rolex Rings,543325,Auto Components,Auto Components & Equipments
1740,Rossari Biotech,543213,Chemicals & Petrochemicals,Specialty Chemicals
1741,Rossell Techsys,544294,Aerospace & Defense,Aerospace & Defense
1742,Roto Pumps,517500,Industrial Products,"Compressors, Pumps & Diesel Engines"
1743,Route Mobile,543228,Telecom - Services,Other Telecom Services
1744,Royal Orch.Hotel,532699,Leisure Services,Hotels & Resorts
1745,RPG LifeScience.,532983,Pharmaceuticals & Biotechnology,Pharmaceuticals
1746,RPP Infra Proj.,533284,Construction,Civil Construction
1747,RPSG Ventures,542333,Commercial Services & Supplies,Business Process Outsourcing (BPO)/ Knowledge Process Outsourcing (KPO)
1748,RRP Defense,530929,Commercial Services & Supplies,Trading & Distributors
1749,RRPSemiconductor,504346,Finance,Other Financial Services
1750,RSWM Ltd,500350,Textiles & Apparels,Other Textile Products
1751,Rubfila Intl.,500367,Industrial Products,Rubber
1752,Rubicon Research,544578,Pharmaceuticals & Biotechnology,Pharmaceuticals
1753,Ruby Mills,503169,Textiles & Apparels,Other Textile Products
1754,Ruchira Papers,532785,"Paper, Forest & Jute Products",Paper & Paper Products
1755,Rudra Ecovation,514010,Textiles & Apparels,Other Textile Products
1756,Rupa & Co,533552,Textiles & Apparels,Garments & Apparels
1757,Rushil Decor,533470,Consumer Durables,Plywood Boards/ Laminates
1758,S & S Power Swit,517273,Electrical Equipment,Other Electrical Equipment
1759,S A I L,500113,Ferrous Metals,Iron & Steel
1760,S C I,523598,Transport Services,Shipping
1761,S Chand & Compan,540497,Printing & Publication,Printing & Publication
1762,S H Kelkar & Co.,539450,Chemicals & Petrochemicals,Specialty Chemicals
1763,S J Logistics (I,,Transport Services,Logistics Solution Provider
1764,S P Apparels,540048,Textiles & Apparels,Garments & Apparels
1765,S P I C,590030,Fertilizers & Agrochemicals,Fertilizers
1766,S T C,512531,Commercial Services & Supplies,Trading & Distributors
1767,S V Global Mill,535621,Realty,"Residential, Commercial Projects"
1768,S. V. J. Enterp.,543799,"Paper, Forest & Jute Products",Paper & Paper Products
1769,S.A.L Steel,532604,Ferrous Metals,Sponge Iron
1770,Saakshi Medtech,,Electrical Equipment,Other Electrical Equipment
1771,Saatvik Green,544526,Electrical Equipment,Other Electrical Equipment
1772,Sacheerome,,Chemicals & Petrochemicals,Specialty Chemicals
1773,Safari Inds.,523025,Consumer Durables,Plastic Products - Consumer
1774,Safe Enterprises,,Consumer Durables,"Furniture, Home Furnishing"
1775,Sagar Cements,502090,Cement & Cement Products,Cement & Cement Products
1776,Sagility,544282,IT - Services,IT Enabled Services
1777,Sahaj Solar,,Electrical Equipment,Other Electrical Equipment
1778,Sahana Systems,,IT - Services,IT Enabled Services
1779,Sahasra Electro.,,Industrial Products,Other Industrial Products
1780,Sahyadri Industr,532841,Other Construction Materials,Other Construction Materials
1781,Sai Life,544306,Pharmaceuticals & Biotechnology,Pharmaceuticals
1782,Sai Silks,543989,Retailing,Speciality Retail
1783,Saint-Gob. Sekur,515043,Auto Components,Auto Components & Equipments
1784,Sakar Healthcare,,Pharmaceuticals & Biotechnology,Pharmaceuticals
1785,Saksoft,590051,IT - Software,Computers - Software & Consulting
1786,Sakuma Exports,532713,Commercial Services & Supplies,Trading & Distributors
1787,Salasar Techno,540642,Industrial Manufacturing,Industrial Products
1788,Salzer Electron.,517059,Electrical Equipment,Other Electrical Equipment
1789,Sambhv Steel,544430,Industrial Products,Iron & Steel Products
1790,Samhi Hotels,543984,Leisure Services,Hotels & Resorts
1791,Sammaan Capital,535789,Finance,Housing Finance Company
1792,Samvardh. Mothe.,517334,Auto Components,Auto Components & Equipments
1793,Sanathan Textile,544314,Textiles & Apparels,Other Textile Products
1794,Sandesh,526725,Media,Print Media
1795,Sandhar Tech,541163,Auto Components,Auto Components & Equipments
1796,Sandur Manganese,504918,Consumable Fuels,Coal
1797,Sangam India,514234,Textiles & Apparels,Other Textile Products
1798,Sanghi Industrie,526521,Cement & Cement Products,Cement & Cement Products
1799,Sanghvi Movers,530073,Commercial Services & Supplies,Diversified Commercial Services
1800,Sanofi Consumer,544250,Pharmaceuticals & Biotechnology,Pharmaceuticals
1801,Sanofi India,500674,Pharmaceuticals & Biotechnology,Pharmaceuticals
1802,Sansera Enginee.,543358,Auto Components,Auto Components & Equipments
1803,Sanstar,544217,Agricultural Food & other Products,Other Agricultural Products
1804,Sapphire Foods,543397,Leisure Services,Restaurants
1805,Sar Auto Prod.,538992,Auto Components,Auto Components & Equipments
1806,Sar Televenture,,Telecom - Services,Telecom - Infrastructure
1807,Saraswati Commer,512020,Finance,Non Banking Financial Company (NBFC)
1808,Saraswati Saree,544230,Textiles & Apparels,Garments & Apparels
1809,Sarda Energy,504614,Ferrous Metals,Iron & Steel
1810,Saregama India,532163,Entertainment,Media & Entertainment
1811,Sarla Performanc,526885,Textiles & Apparels,Other Textile Products
1812,Sarveshwar Foods,543688,Agricultural Food & other Products,Other Agricultural Products
1813,Sasken Technol.,532663,IT - Services,IT Enabled Services
1814,Sastasundar Ven.,533259,Healthcare Services,Healthcare Service Provider
1815,Sathlokhar Sys.,,Construction,Civil Construction
1816,Satia Industries,539201,"Paper, Forest & Jute Products",Paper & Paper Products
1817,Satin Creditcare,539404,Finance,Microfinance Institutions
1818,Sattrix Infor.,544189,IT - Services,IT Enabled Services
1819,Saurashtra Cem.,502175,Cement & Cement Products,Cement & Cement Products
1820,Savita Oil Tech,524667,Petroleum Products,Lubricants
1821,Savy Infra,,Construction,Civil Construction
1822,Sawaliya Food,,Agricultural Food & other Products,Other Agricultural Products
1823,Sayaji (Indore),544080,Leisure Services,Hotels & Resorts
1824,Sayaji Hot. Pune,544090,Leisure Services,Hotels & Resorts
1825,Sayaji Hotels,523710,Leisure Services,Hotels & Resorts
1826,SBC Exports,542725,Textiles & Apparels,Garments & Apparels
1827,SBFC Finance,543959,Finance,Non Banking Financial Company (NBFC)
1828,SBI,500112,Banks,Public Sector Bank
1829,SBI Cards,543066,Finance,Non Banking Financial Company (NBFC)
1830,SBI Life Insuran,540719,Insurance,Life Insurance
1831,Schaeffler India,505790,Auto Components,Auto Components & Equipments
1832,Schneider Elect.,534139,Electrical Equipment,Heavy Electrical Equipment
1833,Scoda Tubes,544411,Industrial Products,Iron & Steel Products
1834,Sealmatic India,543782,Industrial Products,Other Industrial Products
1835,SEAMEC Ltd,526807,Transport Services,Shipping
1836,Sejal Glass,532993,Industrial Products,Glass - Industrial
1837,Senco Gold,543936,Consumer Durables,"Gems, Jewellery And Watches"
1838,Senores Pharma.,544319,Pharmaceuticals & Biotechnology,Pharmaceuticals
1839,SEPC,532945,Construction,Civil Construction
1840,Servotech Renew,,Electrical Equipment,Other Electrical Equipment
1841,Seshaasai Tech.,544533,Financial Technology (Fintech),Financial Technology (Fintech)
1842,Seshasayee Paper,502450,"Paper, Forest & Jute Products",Paper & Paper Products
1843,SG Finserve,539199,Finance,Non Banking Financial Company (NBFC)
1844,SG Mart,512329,Metals & Minerals Trading,Trading - Metals
1845,Sh. Digvijay Cem,502180,Cement & Cement Products,Cement & Cement Products
1846,Sh. Jagdamba Pol,512453,Industrial Products,Packaging
1847,Sh. Rama Multi.,532310,Industrial Products,Packaging
1848,Sh.Pushkar Chem.,539334,Chemicals & Petrochemicals,Dyes And Pigments
1849,Sh.Renuka Sugar,532670,Agricultural Food & other Products,Sugar
1850,Shadowfax Technologies,544685,Transport Services,Logistics Solution Provider
1851,Shah Metacorp,533275,Industrial Products,Iron & Steel Products
1852,Shaily Engineer.,501423,Industrial Products,Plastic Products - Industrial
1853,Shakti Pumps,531431,Industrial Products,"Compressors, Pumps & Diesel Engines"
1854,Shalby,540797,Healthcare Services,Hospital
1855,Shalibhadra Fin.,511754,Finance,Non Banking Financial Company (NBFC)
1856,Shalimar Paints,509874,Consumer Durables,Paints
1857,Shankar Lal Ram.,542232,Chemicals & Petrochemicals,Trading - Chemicals
1858,Shankara Building,540425,Retailing,Speciality Retail
1859,Shankara Buildpro,544517,Retailing,Speciality Retail
1860,Shanthi Gears,522034,Industrial Manufacturing,Industrial Products
1861,Shanti Educat.,539921,Other Consumer Services,Education
1862,Shanti Gold,544459,Consumer Durables,"Gems, Jewellery And Watches"
1863,Sharat Industrie,519397,Food Products,Seafood
1864,Sharda Cropchem,538666,Fertilizers & Agrochemicals,Pesticides & Agrochemicals
1865,Sharda Motor,535602,Auto Components,Auto Components & Equipments
1866,Shardul Sec.,512393,Capital Markets,Stockbroking & Allied
1867,Share India Sec.,540725,Capital Markets,Stockbroking & Allied
1868,Sheela Foam,540203,Consumer Durables,"Furniture, Home Furnishing"
1869,Sheetal Cool,540757,Food Products,Dairy Products
1870,Shemaroo Entert.,538685,Entertainment,Media & Entertainment
1871,Shera Energy,,Industrial Products,"Aluminium, Copper & Zinc Products"
1872,Shilchar Tech.,531201,Electrical Equipment,Other Electrical Equipment
1873,Shilpa Medicare,530549,Pharmaceuticals & Biotechnology,Pharmaceuticals
1874,Shipping Land,544142,Finance,Investment Company
1875,Shish Industries,540693,Industrial Products,Plastic Products - Industrial
1876,Shiv Aum Steels,,Commercial Services & Supplies,Trading & Distributors
1877,Shiv Texchem,544272,Chemicals & Petrochemicals,Trading - Chemicals
1878,Shiva Cement,532323,Cement & Cement Products,Cement & Cement Products
1879,Shivalik Bimetal,513097,Industrial Products,Iron & Steel Products
1880,Shivalik Rasayan,539148,Fertilizers & Agrochemicals,Pesticides & Agrochemicals
1881,Shivam Autotech,532776,Auto Components,Auto Components & Equipments
1882,Shoppers Stop,532638,Retailing,Diversified Retail
1883,Shraddha Prime,531771,Realty,"Residential, Commercial Projects"
1884,Shradha Infrapr.,,Realty,"Residential, Commercial Projects"
1885,Shree Cement,500387,Cement & Cement Products,Cement & Cement Products
1886,Shree Ganesh Rem,540737,Pharmaceuticals & Biotechnology,Pharmaceuticals
1887,Shree Karni,,Textiles & Apparels,Other Textile Products
1888,Shree Rama News.,500356,"Paper, Forest & Jute Products",Paper & Paper Products
1889,Shree Refrigerat,544458,Industrial Manufacturing,Industrial Products
1890,Shree Tirupati,,Industrial Products,Plastic Products - Industrial
1891,Shree TirupatiBa,544249,Industrial Products,Packaging
1892,Shree Vasu Logis,,Transport Services,Logistics Solution Provider
1893,Shreeji Global,,Agricultural Food & other Products,Other Agricultural Products
1894,Shreeji Ship. Gl,544490,Transport Services,Shipping
1895,Shrem InvIT,,Construction,Civil Construction
1896,Shri Ahimsa,,Food Products,Other Food Products
1897,Shri Keshav,530977,Cement & Cement Products,Cement & Cement Products
1898,Shri Venkatesh,543373,Agricultural Food & other Products,Edible Oil
1899,Shringar House,544512,Consumer Durables,"Gems, Jewellery And Watches"
1900,Shriram AMC,531359,Capital Markets,Asset Management Company
1901,Shriram Finance,511218,Finance,Non Banking Financial Company (NBFC)
1902,Shriram Pistons,544344,Auto Components,Auto Components & Equipments
1903,Shriram Properti,543419,Realty,"Residential, Commercial Projects"
1904,Shukra Pharma.,524632,Pharmaceuticals & Biotechnology,Pharmaceuticals
1905,Shyam Metalics,543299,Industrial Products,Iron & Steel Products
1906,Sical Logistics,520086,Transport Services,Logistics Solution Provider
1907,Siemens,500550,Electrical Equipment,Heavy Electrical Equipment
1908,Siemens Ener.Ind,544390,Electrical Equipment,Heavy Electrical Equipment
1909,Sigachi Indust.,543389,Pharmaceuticals & Biotechnology,Pharmaceuticals
1910,Sigma Solve,543917,IT - Services,IT Enabled Services
1911,SignatureGlobal,543990,Realty,"Residential, Commercial Projects"
1912,Signpost India,544117,Media,Advertising & Media Agencies
1913,Sika Interplant,523606,Aerospace & Defense,Aerospace & Defense
1914,SIL Investments,521194,Finance,Investment Company
1915,Silver Touch,543525,IT - Software,Computers - Software & Consulting
1916,Simplex Castings,513472,Industrial Products,Other Industrial Products
1917,Simplex Infra,523838,Construction,Civil Construction
1918,Sinclairs Hotels,523023,Leisure Services,Hotels & Resorts
1919,Sindhu Trade,532029,Transport Services,Logistics Solution Provider
1920,Singer India,505729,Consumer Durables,Household Appliances
1921,Sintercom India,,Auto Components,Auto Components & Equipments
1922,Sirca Paints,543686,Consumer Durables,Paints
1923,SIS,540673,Other Consumer Services,Other Consumer Services
1924,Siyaram Silk,503811,Textiles & Apparels,Other Textile Products
1925,SJS Enterprises,543387,Auto Components,Auto Components & Equipments
1926,SJVN,533206,Power,Power Generation
1927,SKF India,500472,Industrial Products,Abrasives & Bearings
1928,SKF India Indus.,544572,Industrial Products,Abrasives & Bearings
1929,Skipper,538562,Electrical Equipment,Heavy Electrical Equipment
1930,SKM Egg Prod.,532143,Food Products,Meat Products including Poultry
1931,SKP Bearing,,Industrial Products,Abrasives & Bearings
1932,Sky Gold & Diam.,541967,Consumer Durables,"Gems, Jewellery And Watches"
1933,Smartworks Cowor,544447,Commercial Services & Supplies,Diversified Commercial Services
1934,SMC Global Sec.,543263,Capital Markets,Stockbroking & Allied
1935,SML Mahindra,505192,"Agricultural, Commercial & Construction Vehicles",Commercial Vehicles
1936,SMS Pharma.,532815,Pharmaceuticals & Biotechnology,Pharmaceuticals
1937,SMT Engineering,538563,Commercial Services & Supplies,Trading & Distributors
1938,Snowman Logistic,538635,Transport Services,Logistics Solution Provider
1939,Sobha,532784,Realty,"Residential, Commercial Projects"
1940,Sobhagya Mercant,512014,Commercial Services & Supplies,Diversified Commercial Services
1941,Softsol India,532344,Realty,Real Estate related services
1942,Softtech Enginee,543470,IT - Software,Computers - Software & Consulting
1943,Solar Industries,532725,Chemicals & Petrochemicals,Explosives
1944,Solara Active,541540,Pharmaceuticals & Biotechnology,Pharmaceuticals
1945,Solarium Green,544354,Construction,Civil Construction
1946,Solarworld Ene.,544532,Construction,Civil Construction
1947,Solex Energy,,Electrical Equipment,Heavy Electrical Equipment
1948,Som Distilleries,507514,Beverages,Breweries & Distilleries
1949,Soma Papers,516038,"Paper, Forest & Jute Products",Paper & Paper Products
1950,Soma Textiles,521034,Textiles & Apparels,Other Textile Products
1951,Somany Ceramics,531548,Consumer Durables,Ceramics
1952,Sona BLW Precis.,543300,Auto Components,Auto Components & Equipments
1953,Sonata Software,532221,IT - Software,Computers - Software & Consulting
1954,South Ind.Bank,532218,Banks,Private Sector Bank
1955,South West Pinn.,543986,Commercial Services & Supplies,Diversified Commercial Services
1956,Spacenet Enterpr,,Commercial Services & Supplies,Trading & Distributors
1957,Spandana Sphoort,542759,Finance,Microfinance Institutions
1958,SPARC,532872,Pharmaceuticals & Biotechnology,Pharmaceuticals
1959,Speciality Rest.,534425,Leisure Services,Restaurants
1960,Spectrum Electr.,544386,Industrial Manufacturing,Industrial Products
1961,Spel Semiconduct,517166,Electrical Equipment,Other Electrical Equipment
1962,Spencer's Retail,542337,Retailing,Diversified Retail
1963,Spice LoungeFood,539895,Leisure Services,Restaurants
1964,SpiceJet,500285,Transport Services,Airline
1965,SPML Infra,500402,Construction,Civil Construction
1966,Sportking India,539221,Textiles & Apparels,Other Textile Products
1967,Spunweb Nonwoven,,Textiles & Apparels,Other Textile Products
1968,Sr.Rayala.Hypo,532842,Chemicals & Petrochemicals,Commodity Chemicals
1969,Sreeleathers,535601,Consumer Durables,Footwear
1970,SRF,503806,Chemicals & Petrochemicals,Commodity Chemicals
1971,SRG Housing,534680,Finance,Housing Finance Company
1972,Sri Adhik. Bros.,530943,Entertainment,TV Broadcasting & Software Production
1973,Sri Lotus,544469,Realty,"Residential, Commercial Projects"
1974,SRM Contractors,544158,Construction,Civil Construction
1975,Stallion India,544342,Chemicals & Petrochemicals,Industrial Gases
1976,Standard Engineering Technology,544333,Industrial Manufacturing,Industrial Products
1977,Stanley Lifesty.,544202,Consumer Durables,"Furniture, Home Furnishing"
1978,Star Cement,540575,Cement & Cement Products,Cement & Cement Products
1979,Star Health Insu,543412,Insurance,General Insurance
1980,Starlineps Enter,540492,Metals & Minerals Trading,Trading - Minerals
1981,Starteck Fin.,512381,Finance,Non Banking Financial Company (NBFC)
1982,Steel Exchange,534748,Industrial Products,Iron & Steel Products
1983,Steel Str. Wheel,513262,Auto Components,Auto Components & Equipments
1984,Steelcast,513517,Industrial Products,Castings & Forgings
1985,STEL Holdings,533316,Finance,Investment Company
1986,Stellant Secu.,526071,Finance,Other Financial Services
1987,Sterling & Wils.,542760,Construction,Civil Construction
1988,Sterling Tools,530759,Auto Components,Auto Components & Equipments
1989,Sterlite Tech.,532374,Telecom -  Equipment & Accessories,Telecom -  Equipment & Accessories
1990,STL Networks,544395,Telecom - Services,Other Telecom Services
1991,Stove Kraft,543260,Consumer Durables,Household Appliances
1992,Stovec Inds.,504959,Industrial Manufacturing,Industrial Products
1993,Strides Pharma,532531,Pharmaceuticals & Biotechnology,Pharmaceuticals
1994,String Metaverse,534535,IT - Services,IT Enabled Services
1995,Studds Accessor.,544599,Auto Components,Auto Components & Equipments
1996,Stylam Industrie,526951,Consumer Durables,Plywood Boards/ Laminates
1997,Styrenix Perfor.,506222,Chemicals & Petrochemicals,Specialty Chemicals
1998,Suba Hotels,,Leisure Services,Hotels & Resorts
1999,Subam Papers,544267,Industrial Products,Packaging
2000,Subex,532348,IT - Software,Software Products
2001,Subros,517168,Industrial Products,Other Industrial Products
2002,Sudarshan Chem.,506655,Chemicals & Petrochemicals,Dyes And Pigments
2003,Sudarshan Colorants,506390,Chemicals & Petrochemicals,Dyes And Pigments
2004,Sudarshan Pharma,543828,Chemicals & Petrochemicals,Specialty Chemicals
2005,Sudeep Pharma,544619,Pharmaceuticals & Biotechnology,Pharmaceuticals
2006,Suditi Industrie,521113,Textiles & Apparels,Other Textile Products
2007,Sukhjit Starch,524542,Agricultural Food & other Products,Other Agricultural Products
2008,Sula Vineyards,543711,Beverages,Breweries & Distilleries
2009,Sumeet Industrie,514211,Textiles & Apparels,Other Textile Products
2010,Sumitomo Chemi.,542920,Fertilizers & Agrochemicals,Pesticides & Agrochemicals
2011,Summit Securitie,533306,Finance,Investment Company
2012,Sun Pharma.Inds.,524715,Pharmaceuticals & Biotechnology,Pharmaceuticals
2013,Sun TV Network,532733,Entertainment,TV Broadcasting & Software Production
2014,Sundaram Clayton,544066,Auto Components,Auto Components & Equipments
2015,Sundaram Finance,590071,Finance,Non Banking Financial Company (NBFC)
2016,Sundram Fasten.,500403,Auto Components,Auto Components & Equipments
2017,Sundrop Brands,500215,Agricultural Food & other Products,Edible Oil
2018,Sunflag Iron,500404,Industrial Products,Iron & Steel Products
2019,Sunita Tools Ltd,544001,Industrial Manufacturing,Industrial Products
2020,Sunlite Recycli.,,Industrial Products,"Aluminium, Copper & Zinc Products"
2021,Sunrakshakk Inds,539300,Textiles & Apparels,Other Textile Products
2022,Sunrise Efficie.,543515,Commercial Services & Supplies,Trading & Distributors
2023,Sunshield Chem.,530845,Chemicals & Petrochemicals,Specialty Chemicals
2024,Sunteck Realty,512179,Realty,"Residential, Commercial Projects"
2025,Supershakti Met.,541701,Industrial Products,Iron & Steel Products
2026,Suprajit Engg.,532509,Auto Components,Auto Components & Equipments
2027,Supreme Inds.,509930,Industrial Products,Plastic Products - Industrial
2028,Supreme Petroch.,500405,Chemicals & Petrochemicals,Petrochemicals
2029,Supreme Power,,Electrical Equipment,Other Electrical Equipment
2030,Supriya Lifesci.,543434,Pharmaceuticals & Biotechnology,Pharmaceuticals
2031,Suraj,531638,Industrial Products,Iron & Steel Products
2032,Suraj Estate,544054,Realty,"Residential, Commercial Projects"
2033,Suraj Products,518075,Industrial Products,Iron & Steel Products
2034,Suraksha Diagno.,544293,Healthcare Services,Healthcare Service Provider
2035,Surana Telecom,517530,Power,Power Generation
2036,Suratwwala Busi.,543218,Realty,"Residential, Commercial Projects"
2037,Surya Roshni,500336,Industrial Products,Iron & Steel Products
2038,Suryoday Small,543279,Banks,Other Bank
2039,Sustainable Ener,,Power,Power Generation
2040,Sutlej Textiles,532782,Textiles & Apparels,Other Textile Products
2041,Suven Life Scie.,530239,Healthcare Services,"Healthcare Research, Analytics & Technology"
2042,Suyog Gurbaxani,543391,Construction,Civil Construction
2043,Suyog Telematics,537259,Telecom - Services,Telecom - Infrastructure
2044,Suzlon Energy,532667,Electrical Equipment,Heavy Electrical Equipment
2045,Swan Corp,503310,Chemicals & Petrochemicals,Petrochemicals
2046,Swan Defence,533107,Industrial Manufacturing,Ship Building & Allied Services
2047,Swaraj Engines,500407,Industrial Products,"Compressors, Pumps & Diesel Engines"
2048,Swaraj Suiting,,Textiles & Apparels,Other Textile Products
2049,Swelect Energy,532051,Electrical Equipment,Heavy Electrical Equipment
2050,Swiggy,544285,Retailing,E-Retail/ E-Commerce
2051,Swiss Military,523558,Consumer Durables,Diversified consumer products
2052,Symphony,517385,Consumer Durables,Household Appliances
2053,Syncom Formul.,524470,Pharmaceuticals & Biotechnology,Pharmaceuticals
2054,Synergy Green,541929,Industrial Products,Castings & Forgings
2055,Syngene Intl.,539268,Healthcare Services,"Healthcare Research, Analytics & Technology"
2056,Synthiko Foils,513307,Industrial Products,"Aluminium, Copper & Zinc Products"
2057,Syrma SGS Tech.,543573,Industrial Manufacturing,Industrial Products
2058,Systango Tech,,IT - Software,Computers - Software & Consulting
2059,Systematic Inds.,544541,Industrial Products,Cables - Electricals
2060,Systematix Corp.,526506,Capital Markets,Stockbroking & Allied
2061,T B Z,534369,Consumer Durables,"Gems, Jewellery And Watches"
2062,T N Merc. Bank,543596,Banks,Private Sector Bank
2063,T N Newsprint,531426,"Paper, Forest & Jute Products",Paper & Paper Products
2064,T N Petro Prod.,500777,Chemicals & Petrochemicals,Petrochemicals
2065,T R I L,532928,Electrical Equipment,Heavy Electrical Equipment
2066,T.V. Today Netw.,532515,Entertainment,TV Broadcasting & Software Production
2067,TAAL Tech,539956,Transport Services,Airline
2068,TAC Infosec,,IT - Software,Computers - Software & Consulting
2069,TajGVK Hotels,532390,Leisure Services,Hotels & Resorts
2070,Take Solutions,532890,Healthcare Services,"Healthcare Research, Analytics & Technology"
2071,Talbros Auto.,505160,Auto Components,Auto Components & Equipments
2072,Talbros Engg.,538987,Auto Components,Auto Components & Equipments
2073,Taneja Aerospace,522229,Aerospace & Defense,Aerospace & Defense
2074,Tanfac Inds.,506854,Chemicals & Petrochemicals,Commodity Chemicals
2075,Tankup Engi.,,Industrial Products,Other Industrial Products
2076,Tanla Platforms,532790,IT - Software,Software Products
2077,Tara Chand Infra,,Commercial Services & Supplies,Diversified Commercial Services
2078,TARC Ltd,543249,Realty,"Residential, Commercial Projects"
2079,Tarsons Products,543399,Healthcare Equipment & Supplies,Medical Equipment & Supplies
2080,Tasty Bite Eat.,519091,Food Products,Packaged Foods
2081,Tata Capital,544574,Finance,Non Banking Financial Company (NBFC)
2082,Tata Chemicals,500770,Chemicals & Petrochemicals,Commodity Chemicals
2083,Tata Comm,500483,Telecom - Services,Telecom - Cellular & Fixed line services
2084,Tata Consumer,500800,Agricultural Food & other Products,Tea & Coffee
2085,Tata Elxsi,500408,IT - Software,Computers - Software & Consulting
2086,Tata Inv.Corpn.,501301,Finance,Investment Company
2087,Tata Motors,544569,"Agricultural, Commercial & Construction Vehicles",Commercial Vehicles
2088,Tata Motors PVeh,500570,Automobiles,Passenger Cars & Utility Vehicles
2089,Tata Power Co.,500400,Power,Integrated Power Utilities
2090,Tata Steel,500470,Ferrous Metals,Iron & Steel
2091,Tata Technolog.,544028,IT - Services,IT Enabled Services
2092,Tata Tele. Mah.,532371,Telecom - Services,Telecom - Cellular & Fixed line services
2093,Tatva Chintan,543321,Chemicals & Petrochemicals,Specialty Chemicals
2094,TBO Tek,544174,Leisure Services,"Tour, Travel Related Services"
2095,TCC Concept,512038,Commercial Services & Supplies,Trading & Distributors
2096,TCI Express,540212,Transport Services,Logistics Solution Provider
2097,TCPL Packaging,523301,Industrial Products,Packaging
2098,TCS,532540,IT - Software,Computers - Software & Consulting
2099,TD Power Systems,533553,Electrical Equipment,Heavy Electrical Equipment
2100,Team Lease Serv.,539658,Commercial Services & Supplies,Diversified Commercial Services
2101,Tech Mahindra,532755,IT - Software,Computers - Software & Consulting
2102,TechD Cybersec.,,IT - Services,IT Enabled Services
2103,Techera Enginee.,,Aerospace & Defense,Aerospace & Defense
2104,Techno Elec.Engg,542141,Construction,Civil Construction
2105,Technocraf.Inds.,532804,Industrial Products,Iron & Steel Products
2106,Technvision Ven.,501421,IT - Software,Software Products
2107,Tega Inds.,543413,Industrial Manufacturing,Industrial Products
2108,Tejas Cargo,,Transport Services,Logistics Solution Provider
2109,Tejas Networks,540595,Telecom -  Equipment & Accessories,Telecom -  Equipment & Accessories
2110,Tembo Global,,Industrial Products,Iron & Steel Products
2111,Tenneco Clean,544612,Auto Components,Auto Components & Equipments
2112,Tera Software,533982,IT - Services,IT Enabled Services
2113,Texmaco Infrast.,505400,Commercial Services & Supplies,Diversified Commercial Services
2114,Texmaco Rail,533326,Industrial Manufacturing,Industrial Products
2115,TGV Sraac,507753,Chemicals & Petrochemicals,Commodity Chemicals
2116,Thangamayil Jew.,533158,Consumer Durables,"Gems, Jewellery And Watches"
2117,The Anup Enginee,542460,Industrial Manufacturing,Industrial Products
2118,The Bombay Burmah,501425,Food Products,Packaged Foods
2119,The Byke Hospi.,531373,Leisure Services,Hotels & Resorts
2120,The Hi-Tech Gear,522073,Auto Components,Auto Components & Equipments
2121,The Invest.Trust,530023,Finance,Other Financial Services
2122,The Ramco Cement,500260,Cement & Cement Products,Cement & Cement Products
2123,Thejo Engg.,,Industrial Manufacturing,Industrial Products
2124,Themis Medicare,530199,Pharmaceuticals & Biotechnology,Pharmaceuticals
2125,Thermax,500411,Electrical Equipment,Heavy Electrical Equipment
2126,Thirumalai Chem.,500412,Chemicals & Petrochemicals,Commodity Chemicals
2127,Thomas Cook (I),500413,Leisure Services,"Tour, Travel Related Services"
2128,Thomas Scott,533941,Textiles & Apparels,Garments & Apparels
2129,Thyrocare Tech.,539871,Healthcare Services,Healthcare Service Provider
2130,Tierra Agrotech,543531,Agricultural Food & other Products,Other Agricultural Products
2131,Tiger Logistics,536264,Transport Services,Logistics Solution Provider
2132,TIL,505196,"Agricultural, Commercial & Construction Vehicles",Construction Vehicles
2133,Tilaknagar Inds.,507205,Beverages,Breweries & Distilleries
2134,Time Technoplast,532856,Industrial Products,Plastic Products - Industrial
2135,Timex Group,500414,Consumer Durables,"Gems, Jewellery And Watches"
2136,Timken India,522113,Industrial Products,Abrasives & Bearings
2137,Tinna Rubber,530475,Industrial Products,Rubber
2138,Tips Music,532375,Entertainment,Media & Entertainment
2139,Tirupati Forge,,Industrial Products,Castings & Forgings
2140,Titagarh Rail,532966,Industrial Manufacturing,Railway Wagons
2141,Titan Biotech,524717,Chemicals & Petrochemicals,Specialty Chemicals
2142,Titan Company,500114,Consumer Durables,"Gems, Jewellery And Watches"
2143,Tolins Tyres,544254,Auto Components,Tyres & Rubber Products
2144,Torrent Pharma.,500420,Pharmaceuticals & Biotechnology,Pharmaceuticals
2145,Torrent Power,532779,Power,Integrated Power Utilities
2146,Tour. Fin. Corp.,526650,Finance,Financial Institution
2147,TPL Plastech,526582,Industrial Products,Packaging
2148,Tracxn Technolo.,543638,Commercial Services & Supplies,Data Processing Services
2149,TransIndia Real,543955,Transport Services,Logistics Solution Provider
2150,Transpek Inds.,506687,Chemicals & Petrochemicals,Commodity Chemicals
2151,Transport Corp.,532349,Transport Services,Logistics Solution Provider
2152,Transrail Light,544317,Electrical Equipment,Heavy Electrical Equipment
2153,Transteel Seatin,,Consumer Durables,"Furniture, Home Furnishing"
2154,Transworld Shipp,520151,Transport Services,Shipping
2155,Travel Food,544443,Leisure Services,Restaurants
2156,Trejhara Solutio,542233,IT - Software,Computers - Software & Consulting
2157,Trent,500251,Retailing,Speciality Retail
2158,TRF,505854,Industrial Manufacturing,Industrial Products
2159,Trident,521064,Textiles & Apparels,Other Textile Products
2160,Trident Lifeline,543616,Pharmaceuticals & Biotechnology,Pharmaceuticals
2161,Trident Techlabs,,IT - Software,Computers - Software & Consulting
2162,Triton Valves,505978,Auto Components,Auto Components & Equipments
2163,Triven.Engg.Ind.,532356,Agricultural Food & other Products,Sugar
2164,Triveni Turbine,533655,Electrical Equipment,Heavy Electrical Equipment
2165,TruAlt Bioenergy,544545,Agricultural Food & other Products,Other Agricultural Products
2166,True Colors,544531,Industrial Manufacturing,Industrial Products
2167,Tsf Investments,,Finance,Investment Company
2168,TTK Healthcare,507747,Diversified,Diversified
2169,TTK Prestige,517506,Consumer Durables,Household Appliances
2170,Tube Investments,540762,Auto Components,Auto Components & Equipments
2171,Tuticorin Alkali,506808,Chemicals & Petrochemicals,Commodity Chemicals
2172,TVS Elec.,532513,IT - Hardware,Computers Hardware & Equipments
2173,TVS Holdings,520056,Finance,Investment Company
2174,TVS Infra. Trust,,Commercial Services & Supplies,Diversified Commercial Services
2175,TVS Motor Co.,532343,Automobiles,2/3 Wheelers
2176,TVS Srichakra,509243,Auto Components,Tyres & Rubber Products
2177,TVS Supply,543965,Transport Services,Logistics Solution Provider
2178,Twamev Constr.,532738,Construction,Civil Construction
2179,U P Hotels,509960,Leisure Services,Hotels & Resorts
2180,U. Y. Fincorp,530579,Finance,Non Banking Financial Company (NBFC)
2181,UCO Bank,532505,Banks,Public Sector Bank
2182,Uday Jewellery,539518,Consumer Durables,"Gems, Jewellery And Watches"
2183,Uflex,500148,Industrial Products,Packaging
2184,UFO Moviez,539141,Entertainment,"Film Production, Distribution & Exhibition"
2185,Ugar Sugar Works,530363,Agricultural Food & other Products,Sugar
2186,Ugro Capital,511742,Finance,Non Banking Financial Company (NBFC)
2187,Ujaas Energy,533644,Power,Power Generation
2188,Ujjivan Small,542904,Banks,Other Bank
2189,Ultramarine Pig.,506685,Chemicals & Petrochemicals,Dyes And Pigments
2190,UltraTech Cem.,532538,Cement & Cement Products,Cement & Cement Products
2191,Uni Abex Alloy,504605,Industrial Products,Iron & Steel Products
2192,Unichem Labs.,506690,Pharmaceuticals & Biotechnology,Pharmaceuticals
2193,Unicommerce,544227,IT - Software,Software Products
2194,Unified Data,544406,IT - Services,IT Enabled Services
2195,Unifinz Capital,541358,Finance,Non Banking Financial Company (NBFC)
2196,Unihealth Hosp,,Healthcare Services,Hospital
2197,Unimech Aero.,544322,Aerospace & Defense,Aerospace & Defense
2198,Union Bank (I),532477,Banks,Public Sector Bank
2199,Uniparts India,543689,Auto Components,Auto Components & Equipments
2200,Uniphos Enter.,500429,Chemicals & Petrochemicals,Trading - Chemicals
2201,Unitech,507878,Realty,"Residential, Commercial Projects"
2202,United Breweries,532478,Beverages,Breweries & Distilleries
2203,United Drilling,522014,Industrial Manufacturing,Industrial Products
2204,United Foodbrands,543283,Leisure Services,Restaurants
2205,United Polyfab,,Textiles & Apparels,Other Textile Products
2206,United Spirits,532432,Beverages,Breweries & Distilleries
2207,United Van Der,522091,Electrical Equipment,Heavy Electrical Equipment
2208,Universal Cables,504212,Industrial Products,Cables - Electricals
2209,Uno Minda,532539,Auto Components,Auto Components & Equipments
2210,Updater Services,543996,Commercial Services & Supplies,Diversified Commercial Services
2211,UPL,512070,Fertilizers & Agrochemicals,Pesticides & Agrochemicals
2212,Urban Company,544515,Retailing,E-Retail/ E-Commerce
2213,Urja Global,526987,Electrical Equipment,Other Electrical Equipment
2214,Usha Martin,517146,Industrial Products,Iron & Steel Products
2215,UTI AMC,543238,Capital Markets,Asset Management Company
2216,Utkarsh Small F.,543942,Banks,Other Bank
2217,Utssav CZ Gold,,Consumer Durables,"Gems, Jewellery And Watches"
2218,Uttam Sug.Mills,532729,Agricultural Food & other Products,Sugar
2219,UVS Hospitality,531652,Finance,Non Banking Financial Company (NBFC)
2220,V I P Inds.,507880,Consumer Durables,Plastic Products - Consumer
2221,V-Guard Industri,532953,Consumer Durables,Household Appliances
2222,V-Marc India,,Industrial Products,Cables - Electricals
2223,V-Mart Retail,534976,Retailing,Diversified Retail
2224,V2 Retail,532867,Retailing,Speciality Retail
2225,Va Tech Wabag,533269,Other Utilities,Water Supply & Management
2226,Vaarad Ventures,532320,Finance,Non Banking Financial Company (NBFC)
2227,Vadilal Enterp.,519152,Food Products,Dairy Products
2228,Vadilal Inds.,519156,Food Products,Dairy Products
2229,Vaibhav Global,532156,Consumer Durables,"Gems, Jewellery And Watches"
2230,Vaidya Sane,,Healthcare Equipment & Supplies,Medical Equipment & Supplies
2231,Vakrangee,511431,IT - Services,IT Enabled Services
2232,Valiant Commun.,526775,Telecom -  Equipment & Accessories,Telecom -  Equipment & Accessories
2233,Valiant Laborato,543998,Pharmaceuticals & Biotechnology,Pharmaceuticals
2234,Valiant Organics,540145,Chemicals & Petrochemicals,Specialty Chemicals
2235,Valor Estate,533160,Leisure Services,Hotels & Resorts
2236,Vardhman Acrylic,,Textiles & Apparels,Other Textile Products
2237,Vardhman Hold.,500439,Finance,Investment Company
2238,Vardhman Polytex,514175,Textiles & Apparels,Other Textile Products
2239,Vardhman Special,534392,Industrial Products,Iron & Steel Products
2240,Vardhman Textile,502986,Textiles & Apparels,Other Textile Products
2241,Varroc Engineer,541578,Auto Components,Auto Components & Equipments
2242,Varun Beverages,540180,Beverages,Other Beverages
2243,Varvee Global,514274,Textiles & Apparels,Other Textile Products
2244,Vasa Denticity,,Healthcare Equipment & Supplies,Medical Equipment & Supplies
2245,Vascon Engineers,533156,Realty,"Residential, Commercial Projects"
2246,Vashu Bhagnani,532011,Entertainment,"Film Production, Distribution & Exhibition"
2247,Vedant Fashions,543463,Retailing,Speciality Retail
2248,Vedanta,500295,Diversified Metals,Diversified Metals
2249,Veedol Corporat,590005,Petroleum Products,Lubricants
2250,Veefin Solutions,543931,IT - Services,IT Enabled Services
2251,Vega Jewellers,512026,Commercial Services & Supplies,Trading & Distributors
2252,Veljan Denison,505232,Auto Components,Auto Components & Equipments
2253,Venky's (India),523261,Food Products,Meat Products including Poultry
2254,Ventive Hospital,544321,Leisure Services,Hotels & Resorts
2255,Venus Pipes,543528,Industrial Products,Iron & Steel Products
2256,Venus Remedies,526953,Pharmaceuticals & Biotechnology,Pharmaceuticals
2257,Veranda Learning,543514,Other Consumer Services,E-Learning
2258,Veritas (India),512229,Commercial Services & Supplies,Trading & Distributors
2259,Vertis Infra.,,Transport Infrastructure,"Road AssetsToll, Annuity, Hybrid-Annuity"
2260,Vertoz,,Media,Advertising & Media Agencies
2261,Vesuvius India,520113,Industrial Products,Electrodes & Refractories
2262,Viceroy Hotels,523796,Leisure Services,Hotels & Resorts
2263,Vidhi Specialty,531717,Chemicals & Petrochemicals,Specialty Chemicals
2264,Vidya Wires,544633,Industrial Products,"Aluminium, Copper & Zinc Products"
2265,Vijaya Diagnost.,543350,Healthcare Services,Healthcare Service Provider
2266,Vikas Ecotech,530961,Chemicals & Petrochemicals,Specialty Chemicals
2267,Vikas Lifecare,542655,Commercial Services & Supplies,Trading & Distributors
2268,Vikram Solar,544488,Electrical Equipment,Other Electrical Equipment
2269,Vikram Thermo,530477,Chemicals & Petrochemicals,Commodity Chemicals
2270,Vikran Engg.,544496,Construction,Civil Construction
2271,Vilas Transcore,,Industrial Products,Other Industrial Products
2272,Vimta Labs,524394,Healthcare Services,"Healthcare Research, Analytics & Technology"
2273,Vinati Organics,524200,Chemicals & Petrochemicals,Specialty Chemicals
2274,Vindhya Telelink,517015,Telecom - Services,Telecom - Infrastructure
2275,Vinsys IT Serv.,,Other Consumer Services,Education
2276,Vintage Coffee,538920,Commercial Services & Supplies,Trading & Distributors
2277,Vinyas Innovativ,,Industrial Manufacturing,Industrial Products
2278,Vinyl Chemicals,524129,Chemicals & Petrochemicals,Trading - Chemicals
2279,Vipul Organics,530627,Chemicals & Petrochemicals,Specialty Chemicals
2280,Virat Industries,530521,Textiles & Apparels,Garments & Apparels
2281,Virtual Galaxy,,IT - Software,Software Products
2282,Virtuoso Optoel.,543597,Consumer Durables,Diversified consumer products
2283,Visa Steel,532721,Ferrous Metals,Ferro & Silica Manganese
2284,Visaka Industrie,509055,Cement & Cement Products,Cement & Cement Products
2285,Visaman Global,,Industrial Products,Iron & Steel Products
2286,Vishal Fabrics,538598,Textiles & Apparels,Garments & Apparels
2287,Vishal Mega Mart,544307,Retailing,Diversified Retail
2288,Vishnu Chemicals,516072,Chemicals & Petrochemicals,Specialty Chemicals
2289,Vishnu Prakash R,543974,Construction,Civil Construction
2290,Vishnusurya Pro.,,Other Construction Materials,Other Construction Materials
2291,Vision Infra,,Commercial Services & Supplies,Diversified Commercial Services
2292,Viviana Power,,Construction,Civil Construction
2293,Viyash Scientific,512529,Pharmaceuticals & Biotechnology,Pharmaceuticals
2294,VLS Finance,511333,Finance,Investment Company
2295,VMS TMT,544521,Industrial Products,Iron & Steel Products
2296,Vodafone Idea,532822,Telecom - Services,Telecom - Cellular & Fixed line services
2297,Voith Paper,522122,Textiles & Apparels,Other Textile Products
2298,Voler Car,,Transport Services,Road Transport
2299,Volt.Transform.,532757,Electrical Equipment,Heavy Electrical Equipment
2300,Voltas,500575,Consumer Durables,Household Appliances
2301,Vraj Iron,544204,Ferrous Metals,Sponge Iron
2302,VRL Logistics,539118,Transport Services,Logistics Solution Provider
2303,VST Industries,509966,Cigarettes & Tobacco Products,Cigarettes & Tobacco Products
2304,VST Till. Tract.,531266,"Agricultural, Commercial & Construction Vehicles",Tractors
2305,VTM,532893,Textiles & Apparels,Other Textile Products
2306,VVIP Infratech,544219,Other Utilities,Waste Management
2307,W S Inds.,504220,Construction,Civil Construction
2308,Waaree Energies,544277,Electrical Equipment,Other Electrical Equipment
2309,Waaree Renewab.,534618,Electrical Equipment,Other Electrical Equipment
2310,Wakefit Innovati,544642,Consumer Durables,"Furniture, Home Furnishing"
2311,Walchan. Inds.,507410,Industrial Manufacturing,Industrial Products
2312,Wanbury,524212,Pharmaceuticals & Biotechnology,Pharmaceuticals
2313,Wealth First Por,544536,Finance,Other Financial Services
2314,Websol Energy,517498,Electrical Equipment,Other Electrical Equipment
2315,Welspun Corp,532144,Industrial Products,Iron & Steel Products
2316,Welspun Enterp,532553,Construction,Civil Construction
2317,Welspun Investme,533252,Finance,Investment Company
2318,Welspun Living,514162,Textiles & Apparels,Other Textile Products
2319,Welspun Special.,500365,Industrial Products,Iron & Steel Products
2320,Wendt India,505412,Industrial Products,Abrasives & Bearings
2321,West Coast Paper,500444,"Paper, Forest & Jute Products",Paper & Paper Products
2322,Western Carriers,544258,Transport Services,Logistics Solution Provider
2323,Westlife Food,505533,Leisure Services,Restaurants
2324,Wework India,544570,Commercial Services & Supplies,Diversified Commercial Services
2325,Wheels India,590073,Auto Components,Auto Components & Equipments
2326,Whirlpool India,500238,Consumer Durables,Household Appliances
2327,Wim Plast,526586,Consumer Durables,Plastic Products - Consumer
2328,Windlas Biotech,543329,Pharmaceuticals & Biotechnology,Pharmaceuticals
2329,Windsor Machines,522029,Industrial Manufacturing,Industrial Products
2330,Wipro,507685,IT - Software,Computers - Software & Consulting
2331,Wise Travel,,Transport Services,Road Transport
2332,Wockhardt,532300,Pharmaceuticals & Biotechnology,Pharmaceuticals
2333,Wonder Electric.,543449,Consumer Durables,Household Appliances
2334,Wonderla Holiday,538268,Leisure Services,Amusement Parks/ Other Recreation
2335,Workmates Core2,544610,IT - Software,Computers - Software & Consulting
2336,WPIL,505872,Industrial Manufacturing,Industrial Products
2337,Xchanging Sol.,532616,IT - Software,Computers - Software & Consulting
2338,XPRO India,590013,Industrial Products,Packaging
2339,XT Global Infot.,531225,IT - Software,Computers - Software & Consulting
2340,Yamuna Syndicate,540980,Commercial Services & Supplies,Trading & Distributors
2341,Yash Highvoltage,544310,Electrical Equipment,Other Electrical Equipment
2342,Yash Optics,,Consumer Durables,Diversified consumer products
2343,Yasho Industries,541167,Chemicals & Petrochemicals,Specialty Chemicals
2344,Yatharth Hospit.,543950,Healthcare Services,Hospital
2345,Yatra Online,543992,Leisure Services,"Tour, Travel Related Services"
2346,Yes Bank,532648,Banks,Private Sector Bank
2347,Yogi Ltd,511702,Finance,Non Banking Financial Company (NBFC)
2348,Yuken India,522108,Industrial Products,"Compressors, Pumps & Diesel Engines"
2349,Z F Steering,505163,Auto Components,Auto Components & Equipments
2350,Z-Tech (India),,Other Utilities,Waste Management
2351,Zaggle Prepaid,543985,IT - Services,IT Enabled Services
2352,Zee Entertainmen,505537,Entertainment,TV Broadcasting & Software Production
2353,Zee Media,532794,Entertainment,TV Broadcasting & Software Production
2354,Zelio E-Mobility,544563,Automobiles,2/3 Wheelers
2355,Zen Technologies,533339,Aerospace & Defense,Aerospace & Defense
2356,Zenotech Lab.,532039,Pharmaceuticals & Biotechnology,Pharmaceuticals
2357,Zensar Tech.,504067,IT - Software,Computers - Software & Consulting
2358,ZF Commercial,533023,Auto Components,Auto Components & Equipments
2359,Zim Laboratories,541400,Pharmaceuticals & Biotechnology,Pharmaceuticals
2360,Zodiac Energy,543416,Construction,Civil Construction
2361,Zota Health Care,,Pharmaceuticals & Biotechnology,Pharmaceuticals
2362,Zuari Agro Chem.,534742,Fertilizers & Agrochemicals,Fertilizers
2363,Zuari Industries,500780,Agricultural Food & other Products,Sugar
2364,Zydus Lifesci.,532321,Pharmaceuticals & Biotechnology,Pharmaceuticals
2365,Zydus Wellness,531335,Food Products,Packaged Foods
